epoch,beta_obj,alpha,train_total_loss,train_traj_loss,train_semi_loss,train_energy_drop_loss,train_fixed_point_loss,train_active_energy_drop_rate,train_mean_rollout_flow_norm_sq,val_one_step_transported_final_energy,val_one_step_energy_delta_vs_identity,val_one_step_fixed_point_residual_delta_vs_identity,val_configured_transported_final_energy,val_configured_energy_delta_vs_identity,val_configured_fixed_point_residual_delta_vs_identity,val_accuracy,val_output_mse
1,0.0,1.0,1.2768298893270735e-05,4.869901971248622e-06,0.0,3.057620135790095e-05,2.543465825468742e-06,0.1448511904761905,2.543465825468742e-06,0.4806872724355855,-0.00034166573451538396,-1.7795105897565214e-06,0.4807049235086087,-0.00032401466149217795,-1.699188631100972e-06,0.1,0.09620578763402018
2,0.0,1.0,1.104751420136591e-05,4.815519623738656e-06,0.0,2.3975202328015687e-05,2.3819399562333234e-06,0.16844866071428571,2.3819399562333234e-06,0.4655195070147516,-0.00032125963891893594,-1.7074157212693553e-06,0.465526479657562,-0.00031428699610852595,-1.6782676336594493e-06,0.1,0.0931681533307341
3,0.0,1.0,9.91714586554179e-06,4.75011809501187e-06,0.0,1.974784349414921e-05,2.3006689699261567e-06,0.17760416666666667,2.3006689699261567e-06,0.4572172854604824,-0.00030969550639814436,-1.6662578961705316e-06,0.45721864729742423,-0.0003083336694563177,-1.6642537453929866e-06,0.1,0.09150539619337611
4,0.0,0.9413447860869009,8.929075212398643e-06,4.250316846685495e-06,1.8010657427946014e-08,1.7813067959212622e-05,2.2549137590999116e-06,0.1693266369047619,2.2549137590999116e-06,0.4524656490564716,-0.00030226072450445507,-1.6392844364014093e-06,0.45246406267986944,-0.0003038471011065913,-1.651378452486419e-06,0.1037037037037037,0.0905535819561952
5,0.0,0.5586552139130994,6.157554111034165e-06,1.858907026459941e-06,3.5828260671038925e-07,1.6307705998917142e-05,2.217205848449395e-06,0.15522693452380953,2.217205848449395e-06,0.4495738210284807,-0.00029792021875785224,-1.6243211490408831e-06,0.44957078871272205,-0.0003009525345165076,-1.6430298808602756e-06,0.13703703703703704,0.08997434824944772
6,0.0,0.5,5.627750330852298e-06,1.5470976065964753e-06,3.681268483220591e-07,1.5442675905467255e-05,2.199837478890076e-06,0.14992931547619048,2.199837478890076e-06,0.44767300310778135,-0.00029486690155478,-1.6132746831458032e-06,0.44766925737211294,-0.00029861263722319453,-1.6349730077792521e-06,0.17037037037037037,0.08959357400186722
7,0.0,0.5,5.455051167649591e-06,1.5353076878991932e-06,3.6804032755666516e-07,1.480820534668225e-05,2.1769214307983526e-06,0.1417373511904762,2.1769214307983526e-06,0.4462681843390119,-0.00029276801714206435,-1.6052846372234953e-06,0.44626378580226483,-0.0002971665538891166,-1.6298876555160473e-06,0.18518518518518517,0.08931219047123079
8,0.0,0.5,5.319835743914881e-06,1.522108922220186e-06,3.679326018604146e-07,1.4320576572204873e-05,2.1758267864347684e-06,0.14016369047619048,2.1758267864347684e-06,0.44513639136982486,-0.00029140145611245005,-1.5998629567598119e-06,0.4451317979084279,-0.0002959949175094234,-1.6250515268110557e-06,0.21481481481481482,0.08908555856518746
9,0.0,0.5,5.171287965825291e-06,1.5053183539264857e-06,3.6781716847875215e-07,1.3793639425089166e-05,2.1755975562651366e-06,0.13374255952380953,2.1755975562651366e-06,0.4441416393730464,-0.0002905486958718617,-1.596151798067256e-06,0.44413686688573845,-0.0002953211831798197,-1.6219585332476107e-06,0.22592592592592592,0.08888643761378365
10,0.0,0.5,5.1251667479835825e-06,1.4901215890740148e-06,3.6771495392916854e-07,1.367186999908549e-05,2.170776591381938e-06,0.12762648809523808,2.170776591381938e-06,0.44322328765389335,-0.0002903846432235624,-1.5953044037788906e-06,0.4432187026424693,-0.00029496965464759217,-1.6198312948326524e-06,0.23703703703703705,0.08870273445942338
11,0.0,0.5,5.008379081159592e-06,1.4729750265610714e-06,3.676120348504329e-07,1.327545632409357e-05,2.1653997357512793e-06,0.12172991071428571,2.1653997357512793e-06,0.44234374084941475,-0.00029035217943124136,-1.5944652214897482e-06,0.4423391775255725,-0.00029491550327348515,-1.6186542617910088e-06,0.24814814814814815,0.0885268186057692
12,0.0,0.5,4.892914661643504e-06,1.4554621413803511e-06,3.6750121809632877e-07,1.2880039615569824e-05,2.174426163706968e-06,0.11690848214285714,2.174426163706968e-06,0.44149172263924785,-0.0002906150662164708,-1.5945843558899284e-06,0.44148727164107265,-0.00029506606439166916,-1.6180017236730676e-06,0.26666666666666666,0.08835646754109287
13,0.0,0.5,4.834269164001441e-06,1.4367506169554163e-06,3.6738063228363397e-07,1.2717160000076866e-05,2.182285470268075e-06,0.1151264880952381,2.182285470268075e-06,0.4406496444754736,-0.00029126395421247286,-1.596179252182653e-06,0.4406454009106136,-0.00029550751907247985,-1.6183551902809387e-06,0.2777777777777778,0.08818818168593721
14,0.0,0.5,4.74096999420349e-06,1.4228995469945374e-06,3.672809001766385e-07,1.2389642709599337e-05,2.20659769809118e-06,0.10953497023809525,2.2065976980911802e-06,0.43982129653295954,-0.00029170121739435784,-1.5962128212705922e-06,0.4398172637731883,-0.0002957339771655909,-1.6171116503060337e-06,0.29259259259259257,0.08802259955007079
15,0.0,0.5,4.695798159483969e-06,1.404905000309346e-06,3.67163197934906e-07,1.2281337317391687e-05,2.20558829826701e-06,0.10943824404761904,2.20558829826701e-06,0.43899908819848865,-0.00029271758232291,-1.5987847744351952e-06,0.4389954183626248,-0.00029638741818677206,-1.6176241205759754e-06,0.3037037037037037,0.08785836115616232
16,0.0,0.5,4.620687200678736e-06,1.389339452996858e-06,3.670652431369091e-07,1.2040989948424148e-05,2.2110026057584038e-06,0.10466517857142857,2.2110026057584038e-06,0.43818306437161225,-0.00029285389774236226,-1.5962537364140172e-06,0.438179528854079,-0.0002963894152755997,-1.6142876764649132e-06,0.32592592592592595,0.08769518365387093
17,0.0,0.5,4.557241252758243e-06,1.3721110084544474e-06,3.6695961301579e-07,1.1849118296083925e-05,2.2285067028281427e-06,0.0987202380952381,2.2285067028281427e-06,0.43737381748137394,-0.0002934191487888316,-1.5955366257226593e-06,0.4373704282398966,-0.00029680839026619,-1.6127094156357302e-06,0.3333333333333333,0.08753344732603256
18,0.0,0.5,4.489521319632905e-06,1.3575416307558e-06,3.6685007680343986e-07,1.1626421996645009e-05,2.2537418971585264e-06,0.09624255952380953,2.2537418971585264e-06,0.43657530096545905,-0.000294163755403809,-1.5953091465050677e-06,0.43657208304373424,-0.0002973816771286164,-1.6114888140229995e-06,0.34074074074074073,0.08737389294417257
19,0.0,0.5,4.455602936201697e-06,1.3415025622670974e-06,3.667577940335559e-07,1.1553039332794264e-05,2.2584054073603313e-06,0.0940327380952381,2.2584054073603313e-06,0.4357779450712769,-0.00029466753494555853,-1.5935983367375067e-06,0.4357746964511748,-0.00029791615504765057,-1.6098723826602965e-06,0.34814814814814815,0.0872145225212445
20,0.0,0.5,4.448706156139105e-06,1.3238145398665984e-06,3.6664155130609216e-07,1.1590551607021689e-05,2.2725371451708434e-06,0.09290922619047619,2.2725371451708434e-06,0.4349825850159648,-0.00029613294907548937,-1.5964460560543192e-06,0.43497956014752037,-0.000299157817519935,-1.6114720658019983e-06,0.3592592592592593,0.08705574359300806
21,0.0,0.5,4.375162100627373e-06,1.31273692880379e-06,3.665565630138106e-07,1.1329310038004563e-05,2.3009766232244253e-06,0.09082217261904761,2.3009766232244253e-06,0.4341930433995675,-0.00029687350616680597,-1.59534213281214e-06,0.4341902482540688,-0.0002996686516654745,-1.6090412580964581e-06,0.37037037037037035,0.08689798338114685
22,0.0,0.5,4.32885668684433e-06,1.2955746010126574e-06,3.6644518411898214e-07,1.1208870024736269e-05,2.310645796476058e-06,0.08969866071428571,2.310645796476058e-06,0.43340874429683857,-0.0002979186206465978,-1.595457763771456e-06,0.4334061635353186,-0.0003004993821665858,-1.6079485507124907e-06,0.37777777777777777,0.08674133258349703
23,0.0,0.5,4.247569607192481e-06,1.2815998821455412e-06,3.663420294654015e-07,1.0932683536165386e-05,2.327988410055936e-06,0.08808779761904761,2.327988410055936e-06,0.43262885580924004,-0.0002998064621055341,-1.599486389688233e-06,0.4326266348513446,-0.00030202742000096094,-1.6100329811781792e-06,0.3925925925925926,0.08658573245426912
24,0.0,0.5,4.172214176729155e-06,1.2669536901246604e-06,3.6624852722970283e-07,1.0682083846344603e-05,2.3473952501834336e-06,0.08691592261904761,2.3473952501834336e-06,0.4318582224227695,-0.0003010589471034164,-1.5999483214896096e-06,0.4318559048506062,-0.00030337651926670706,-1.6109626702408655e-06,0.4,0.08643185627397458
25,0.0,0.5,4.122773491539973e-06,1.2533166727642762e-06,3.661394328459356e-07,1.0522914760512518e-05,2.3872812864756633e-06,0.08618303571428572,2.3872812864756633e-06,0.4310904145821609,-0.0003021800506995964,-1.5997170533673083e-06,0.43108817271230626,-0.0003044219205542431,-1.6102457829213115e-06,0.4111111111111111,0.08627851892657211
26,0.0,0.5,4.06042871482396e-06,1.2425618143277805e-06,3.6605346166393813e-07,1.030546252283427e-05,2.415012697876117e-06,0.08458333333333333,2.415012697876117e-06,0.43033198510983495,-0.0003033414801412171,-1.599397063747058e-06,0.4303298693683556,-0.0003054572216205642,-1.6091880327262617e-06,0.4185185185185185,0.08612706531799524
27,0.0,0.5,4.014506200236762e-06,1.2280606114800459e-06,3.659530920828224e-07,1.0170614378318772e-05,2.4379199417702327e-06,0.08475446428571429,2.4379199417702327e-06,0.4295735678538166,-0.00030463280846559915,-1.5995833142155836e-06,0.42957169598244443,-0.0003065046798377824,-1.608014446625349e-06,0.4222222222222222,0.08597564013245644
28,0.0,0.5,3.916619930599613e-06,1.2151423280628497e-06,3.658591593324769e-07,9.821786181170408e-06,2.460310572441613e-06,0.08232514880952381,2.460310572441613e-06,0.42882427566282505,-0.00030602212570290943,-1.599782517721271e-06,0.42882225799586904,-0.0003080397926589207,-1.6089525819484906e-06,0.43333333333333335,0.0858260595577056
29,0.0,0.5,3.848996207171266e-06,1.2015930686763013e-06,3.657549129295874e-07,9.591799062811173e-06,2.4945337279217087e-06,0.08205729166666667,2.4945337279217087e-06,0.42807252338405827,-0.0003081760925596755,-1.603778297365715e-06,0.42807078026635814,-0.0003099192102598014,-1.6114989316790885e-06,0.44074074074074077,0.08567613989532358
30,0.0,0.5,3.78476220145136e-06,1.1912207617553903e-06,3.656636309184648e-07,9.364383266430226e-06,2.5244562308841334e-06,0.07940848214285715,2.5244562308841334e-06,0.42732624670423985,-0.0003098871454231267,-1.6053219695442154e-06,0.4273248712525225,-0.00031126259714048254,-1.61108700368542e-06,0.4444444444444444,0.0855272267699326
31,0.0,0.5,3.697687345792804e-06,1.178709290622483e-06,3.6557118590920503e-07,9.054008152736258e-06,2.554760169862565e-06,0.07780877976190477,2.5547601698625653e-06,0.4265909303479592,-0.00031145502630908206,-1.605965373060119e-06,0.42658939208126395,-0.00031299329300432666,-1.6125439106031455e-06,0.44814814814814813,0.08538047707485366
32,0.0,0.5,3.598428826319335e-06,1.1683275280945024e-06,3.654826710464894e-07,8.684253733760218e-06,2.5903786478477868e-06,0.07754092261904762,2.5903786478477868e-06,0.42586003743929207,-0.00031321058769545607,-1.6074196294359221e-06,0.42585855964183994,-0.0003146883851475879,-1.6136530872409437e-06,0.45925925925925926,0.0852346496053975
33,0.0,0.5,3.5569178809076884e-06,1.15630413847235e-06,3.6538061550892917e-07,8.553787658078196e-06,2.621668279157893e-06,0.07498883928571429,2.6216682791578925e-06,0.42513456415964607,-0.0003153917127004524,-1.6107876462089226e-06,0.4251332276041024,-0.00031672826824413747,-1.6162733956765602e-06,0.4740740740740741,0.0850899911744693
34,0.0,0.5,3.467963492906167e-06,1.1460528623668813e-06,3.652916880918803e-07,8.229157636361188e-06,2.6462122144898855e-06,0.0749404761904762,2.6462122144898855e-06,0.42440882206327085,-0.00031742903231762876,-1.613480159661434e-06,0.424407904634083,-0.00031834646150546986,-1.6167552669329175e-06,0.4740740740740741,0.0849452502191177
35,0.0,0.5,3.3850356822585465e-06,1.1367168125563925e-06,3.652079737493026e-07,7.915354820972335e-06,2.6948016445906992e-06,0.07337797619047619,2.6948016445906992e-06,0.4236974211901228,-0.00031959189487845707,-1.6165167403730315e-06,0.4236966928967313,-0.00032032018826999575,-1.6187972197488447e-06,0.4703703703703704,0.08480340261700026
36,0.0,0.5,3.332215480252433e-06,1.124193461150513e-06,3.651101073679125e-07,7.740420802831979e-06,2.729168183939261e-06,0.06999627976190477,2.729168183939261e-06,0.4229844713059972,-0.0003215834313642918,-1.6186443976610966e-06,0.4229838475307574,-0.00032220720660408597,-1.6203579077717534e-06,0.4703703703703704,0.0846612109474723
37,0.0,0.5,3.267121352092576e-06,1.1143478640857401e-06,3.650188215637023e-07,7.505819277715566e-06,2.7631866857794405e-06,0.06912946428571429,2.7631866857794405e-06,0.42227855881535015,-0.00032341299474925034,-1.6198361986203148e-06,0.4222779259820851,-0.0003240458280143188,-1.6215736401481494e-06,0.4703703703703704,0.08452039436201988
38,0.0,0.5,3.1853124081791567e-06,1.1056429030136795e-06,3.64938491178518e-07,7.198906095738006e-06,2.7994298123097574e-06,0.06687127976190477,2.7994298123097574e-06,0.4215720103787834,-0.00032530681050002563,-1.6212797757988182e-06,0.4215715951151326,-0.0003257220741508249,-1.6219075416868377e-06,0.48148148148148145,0.08437946343785668
39,0.0,0.5,3.0986803918547115e-06,1.0946683282106429e-06,3.648412075695804e-07,6.875766287017129e-06,2.850704918897862e-06,0.06683407738095239,2.850704918897862e-06,0.42087663536491643,-0.0003274708721537345,-1.623854908522495e-06,0.42087633731022817,-0.0003277689268419981,-1.6239004194736767e-06,0.48518518518518516,0.08424082124741403
40,0.0,0.5,3.017985631092458e-06,1.0862344269408372e-06,3.647571724682966e-07,6.571460542429439e-06,2.8888606854426166e-06,0.06474702380952381,2.8888606854426166e-06,0.42018133966613785,-0.00032976660657102475,-1.6270222858060163e-06,0.42018117158082424,-0.00032993469188463687,-1.626427508880741e-06,0.48518518518518516,0.08410222125454177
41,0.0,0.5,2.9629055266032518e-06,1.0768842719060741e-06,3.6467045961744114e-07,6.372226773213983e-06,2.929645613936819e-06,0.06444196428571428,2.929645613936819e-06,0.4194890846438025,-0.00033207662041667696,-1.6302319708768839e-06,0.41948937972265005,-0.00033178154156915385,-1.627319804269685e-06,0.4925925925925926,0.08396423225284384
42,0.0,0.5,2.8787668034835227e-06,1.0660259979285916e-06,3.6458020025308575e-07,6.066033338013073e-06,2.9623247105166364e-06,0.06235491071428571,2.9623247105166364e-06,0.41880348257299244,-0.00033498194607739507,-1.6361931167617136e-06,0.41880382187258414,-0.0003346426464856944,-1.633047178344364e-06,0.4962962962962963,0.08382769290381398
43,0.0,0.5,2.7735188062555444e-06,1.0590122925471795e-06,3.6449629336450196e-07,5.651859305952792e-06,3.015416872201673e-06,0.061964285714285715,3.0154168722016732e-06,0.4181201843656589,-0.00033763882632631415,-1.6407676729173588e-06,0.41812080604527246,-0.00033701714671274807,-1.636300899157e-06,0.5,0.08369156463839704
44,0.0,0.5,2.7149350147325037e-06,1.051309648227635e-06,3.644055792045935e-07,5.430450911771919e-06,3.060126385618885e-06,0.05927827380952381,3.060126385618885e-06,0.41744334343618583,-0.0003404188927428886,-1.6458464916418254e-06,0.4174445270016129,-0.0003392353273158344,-1.6386458473922362e-06,0.5037037037037037,0.08355675246578574
45,0.0,0.5,2.6257186472354172e-06,1.0429494003838637e-06,3.6433051511930755e-07,5.085833895674092e-06,3.1131077293303097e-06,0.057678571428571426,3.1131077293303097e-06,0.41677751377978495,-0.0003423279654677369,-1.6468963184645762e-06,0.41677850902165536,-0.0003413327235973207,-1.640614125169573e-06,0.5074074074074074,0.08342396834905054
46,0.0,0.5,2.5821358502397404e-06,1.035095429776362e-06,3.6423509204877096e-07,4.9223429919843786e-06,3.1645467246728356e-06,0.05854538690476191,3.1645467246728356e-06,0.41611218907314057,-0.000345005429283729,-1.651470393946859e-06,0.41611370173091117,-0.00034349277151313196,-1.6426617329898512e-06,0.5111111111111111,0.08329143890048486
47,0.0,0.5,2.4912677333320864e-06,1.026270938873263e-06,3.641678832812451e-07,4.581798292287367e-06,3.1954722138698178e-06,0.057581845238095244,3.1954722138698178e-06,0.4154503717562886,-0.0003470151313997305,-1.6528647899230389e-06,0.41545140081935966,-0.00034598606832864087,-1.6464229324130537e-06,0.5185185185185185,0.08315947737753766
48,0.0,0.5,2.3963031676552206e-06,1.018233183485198e-06,3.6407280279067016e-07,4.211715216767563e-06,3.25141179978132e-06,0.05433407738095238,3.25141179978132e-06,0.41478993758410054,-0.00034990396609196894,-1.65839906776858e-06,0.4147913081570815,-0.00034853339311102793,-1.6503061109637113e-06,0.5185185185185185,0.0830279683100385
49,0.0,0.5,2.3380889840622594e-06,1.0107698303796425e-06,3.639950676042229e-07,3.992396776941391e-06,3.2921995944726923e-06,0.051209077380952386,3.2921995944726923e-06,0.4141338648384071,-0.00035271709050976874,-1.6634721839141212e-06,0.41413538844873865,-0.0003511934801782024,-1.6546693565967286e-06,0.5185185185185185,0.08289731638578336
50,0.0,0.5,2.2559986881127367e-06,1.0047392282444652e-06,3.639191605772218e-07,3.661126064968917e-06,3.3597794362604245e-06,0.05090401785714286,3.3597794362604245e-06,0.4134887689141299,-0.00035523978239715426,-1.6670149179239208e-06,0.41349041857253493,-0.0003535901239921091,-1.6576556256435253e-06,0.5148148148148148,0.08276880173930541
51,0.0,0.5,2.2194725768406905e-06,9.967110395109352e-07,3.63830961121249e-07,3.526730986543264e-06,3.410787906939392e-06,0.04609375,3.410787906939392e-06,0.41284243001998255,-0.00035806215593442436,-1.6719329852661299e-06,0.4128444913496199,-0.00035600082629705376,-1.6606852754968916e-06,0.5148148148148148,0.08264009843518338
52,0.0,0.5,2.154871662844121e-06,9.893254839163618e-07,3.637506138413057e-07,3.279267060470233e-06,3.457294138102011e-06,0.04556919642857143,3.457294138102011e-06,0.41219902578951045,-0.0003611006595455324,-1.6778700030919524e-06,0.4122012229815641,-0.00035890346749190005,-1.6660532767462084e-06,0.5185185185185185,0.0825120252898112
53,0.0,0.5,2.086325921842154e-06,9.812677227698308e-07,3.6366698741445074e-07,3.0224156893267723e-06,3.494542767406304e-06,0.044177827380952384,3.494542767406304e-06,0.4115579281814564,-0.00036402714747235665,-1.683266614235264e-06,0.411559984162493,-0.00036197116643577054,-1.6721537256618186e-06,0.5222222222222223,0.08238439106578575
54,0.0,0.5,2.0050696416568092e-06,9.75974742197477e-07,3.635935120552449e-07,2.694881139076526e-06,3.5537461469020023e-06,0.040100446428571426,3.5537461469020027e-06,0.4109240413954233,-0.00036684105765621977,-1.6882512335585217e-06,0.41092658079977123,-0.00036430165330830766,-1.6749078931795926e-06,0.5296296296296297,0.08225817649061591
55,0.0,0.5,1.9542060553440706e-06,9.68440876157432e-07,3.635113070714151e-07,2.497953752318986e-06,3.61276741106892e-06,0.036279761904761905,3.6127674110689205e-06,0.41029902944764923,-0.00036972655717026903,-1.693504638569307e-06,0.4103013244518446,-0.00036743155297491725,-1.6812153925945613e-06,0.5333333333333333,0.0821337512009639
56,0.0,0.5,1.9058618849552508e-06,9.64643710638482e-07,3.6344052255829076e-07,2.296853974366515e-06,3.6700468072513965e-06,0.03259300595238095,3.6700468072513965e-06,0.40967705943067473,-0.00037252881946497896,-1.6982824304505914e-06,0.40967983014236503,-0.0003697581077746759,-1.6838142518070564e-06,0.5370370370370371,0.08200991765002795
57,0.0,0.5,1.8833436833934476e-06,9.566632353168162e-07,3.633637621391498e-07,2.224437445742405e-06,3.7057108664103025e-06,0.03133556547619047,3.7057108664103025e-06,0.40905823266045654,-0.00037520638145116525,-1.7026612302411257e-06,0.4090608768188381,-0.00037256222306958353,-1.6888560635643167e-06,0.5333333333333333,0.08188668780838154
58,0.0,0.5,1.8155504714779236e-06,9.507592781381631e-07,3.6328157446450853e-07,1.9487689489586764e-06,3.7759895610009136e-06,0.027819940476190474,3.7759895610009136e-06,0.40844213017137343,-0.0003787631147431081,-1.7106330533623443e-06,0.4084451499353304,-0.00037574335078616183,-1.6951977579296776e-06,0.5333333333333333,0.08176417865722331
59,0.0,0.5,1.7752474160715326e-06,9.434008209294449e-07,3.632023659920108e-07,1.801143487644558e-06,3.815607232309481e-06,0.025561755952380954,3.815607232309481e-06,0.40782247598177007,-0.0003820983235509612,-1.7177375629450018e-06,0.4078256954244553,-0.0003788788808657406,-1.7014708578098577e-06,0.5370370370370371,0.0816409148610642
60,0.0,0.5,1.7346963258775437e-06,9.388391749000886e-07,3.631323316394752e-07,1.6327010221173166e-06,3.876818954481262e-06,0.02486607142857143,3.876818954481262e-06,0.40721377824609606,-0.00038504043591752746,-1.7229663523818037e-06,0.4072168378477346,-0.0003819808342789832,-1.707471272908897e-06,0.5444444444444444,0.08151976373640271
61,0.0,0.5,1.7144413659023254e-06,9.349857596913456e-07,3.630583699606692e-07,1.5441417424465274e-06,3.9342017059934825e-06,0.02438988095238095,3.9342017059934825e-06,0.4066111821494577,-0.0003885491112883832,-1.730586371045061e-06,0.40661492572048125,-0.00038480554026482094,-1.7121192983952048e-06,0.5407407407407407,0.08139994625214922
62,0.0,0.5,1.6891492342570272e-06,9.279792439984578e-07,3.629860535977833e-07,1.4441605751430807e-06,4.001298464727992e-06,0.02109375,4.001298464727992e-06,0.40600843217081173,-0.00039119102962975605,-1.734684133354277e-06,0.40601185466522327,-0.00038776853521821364,-1.71774746618973e-06,0.5555555555555556,0.0812799246400883
63,0.0,0.5,1.644012154480558e-06,9.242312705576474e-07,3.629125452663052e-07,1.256524312437512e-06,4.056498058135327e-06,0.020874255952380953,4.056498058135327e-06,0.405410711441321,-0.00039441787476102164,-1.7410393580525522e-06,0.40541472122985306,-0.00039040808622897716,-1.7216057381916404e-06,0.5518518518518518,0.0811610258632164
64,0.0,0.5,1.6124296493792663e-06,9.174042579651998e-07,3.628405102307309e-07,1.1317180840570609e-06,4.1209587039980105e-06,0.02048363095238095,4.1209587039980105e-06,0.4048182965284765,-0.0003975899182760423,-1.7473143657319547e-06,0.40482219465124786,-0.00039369179550469147,-1.7284611555170876e-06,0.5592592592592592,0.08104317728935051
65,0.0,0.5,1.5889921872802517e-06,9.113174721687782e-07,3.627541526365678e-07,1.0388112754557275e-06,4.179718962475419e-06,0.019140625,4.179718962475418e-06,0.4042278466358895,-0.00040112389531898884,-1.7550984115608686e-06,0.4042316750187261,-0.0003972955124824096,-1.736619673326417e-06,0.5703703703703704,0.08092579410624169
66,0.0078125,0.5,1.5578271540155407e-06,9.069573874866678e-07,3.626970486090449e-07,9.277279945910094e-07,4.23189801778602e-06,0.018444940476190476,4.23189801778602e-06,0.4036388332961464,-0.0004036193850738279,-1.7586031049439215e-06,0.40364235248403685,-0.00040010019718339507,-1.7416075827072185e-06,0.5740740740740741,0.08080849053624405
67,0.015625,0.5,1.5316027871401144e-06,9.019214057957863e-07,3.6261407947066065e-07,8.317723507527292e-07,4.30164970629976e-06,0.018054315476190477,4.30164970629976e-06,0.40305220434684297,-0.0004073796084057002,-1.76730572773375e-06,0.40305587354450334,-0.0004037104107453282,-1.749689058967328e-06,0.5740740740740741,0.08069191679104973
68,0.0234375,0.5,1.4913902149758172e-06,8.978703539475144e-07,3.625423963505943e-07,6.813944924754155e-07,4.357179869156268e-06,0.015625,4.357179869156268e-06,0.4024746863127687,-0.0004112155465149647,-1.7762357427983204e-06,0.4024784566684827,-0.0004074451908009924,-1.7582210620084126e-06,0.5777777777777777,0.08057718037185674
69,0.03125,0.5,1.4755942847812087e-06,8.935839539539552e-07,3.6247709816343036e-07,6.317020748368993e-07,4.406819013614824e-06,0.01484375,4.406819013614824e-06,0.4018971271003738,-0.0004145540994521246,-1.7832282243698697e-06,0.401901142470303,-0.0004105387295229024,-1.7642028798136623e-06,0.5851851851851851,0.08046233623996518
70,0.0390625,0.5,1.4404509096852068e-06,8.888416509415222e-07,3.6240040925234437e-07,4.9760205102743e-07,4.477728569903105e-06,0.012976190476190478,4.477728569903105e-06,0.4013260118763196,-0.00041797056625680895,-1.7904773020616929e-06,0.40133053783521827,-0.0004134446073581488,-1.7692503755956253e-06,0.5851851851851851,0.08034879648851528
71,0.046875,0.5,1.4186190270455877e-06,8.844328167872212e-07,3.623390880852702e-07,4.1552323459363715e-07,4.547785451428613e-06,0.011328125,4.547785451428613e-06,0.40076236529649745,-0.0004210888134766333,-1.7964973452007024e-06,0.4007667068445313,-0.00041674726544277396,-1.7761852834821787e-06,0.5814814814814815,0.08023669082199482
72,0.0546875,0.5,1.4148493831440194e-06,8.798868356985443e-07,3.6225855565226637e-07,4.0939653908793683e-07,4.6092120923852154e-06,0.010546875,4.6092120923852154e-06,0.4001949924778198,-0.0004249378056502273,-1.8053593024940757e-06,0.4001995207848395,-0.0004204094986305362,-1.7844304396003128e-06,0.5814814814814815,0.080123986056694
73,0.0625,0.5,1.3840839604968863e-06,8.756665938568458e-07,3.621888193373588e-07,2.936239567010281e-07,4.671037383722517e-06,0.007507440476190476,4.671037383722517e-06,0.3996378671645232,-0.0004279359848850528,-1.810983057245726e-06,0.3996425681628236,-0.00042323498658464187,-1.7892851866807818e-06,0.5703703703703704,0.08001316062988165
74,0.0703125,0.5,1.3927145679194346e-06,8.721607499423956e-07,3.6212084760950275e-07,3.3219997991574495e-07,4.73366003630884e-06,0.00703125,4.73366003630884e-06,0.39908119049141283,-0.00043162649856343105,-1.819200210623705e-06,0.3990864177896694,-0.0004263992003068484,-1.7954471149500095e-06,0.5814814814814815,0.07990256339799524
75,0.078125,0.5,1.3844091590518972e-06,8.674032840713752e-07,3.620506021371595e-07,3.063921052221669e-07,4.798885269510909e-06,0.00625,4.798885269510908e-06,0.3985227087698892,-0.0004353821336456898,-1.8278461447803623e-06,0.3985278117879693,-0.0004302791155655905,-1.8047075899451856e-06,0.5814814814814815,0.07979161818070699
76,0.0859375,0.5,1.355403690078923e-06,8.64210823569095e-07,3.6197231301976115e-07,1.9528098346426482e-07,4.855337426440953e-06,0.0046875,4.855337426440952e-06,0.39797868555661703,-0.0004386727921277256,-1.8347177268039161e-06,0.3979838618312378,-0.0004334965175069594,-1.8110589770271466e-06,0.5814814814814815,0.07968347166974896
77,0.09375,0.5,1.3613797505569913e-06,8.597045786144209e-07,3.6191402292566214e-07,2.1978784788263643e-07,4.933960745677328e-06,0.0046875,4.933960745677328e-06,0.39742682562792525,-0.00044242755573353776,-1.8432691826093784e-06,0.3974318131274865,-0.0004374400561723002,-1.8206270021073312e-06,0.5851851851851851,0.07957385063673177
78,0.1015625,0.5,1.3453602575630353e-06,8.563244992916208e-07,3.618393124440861e-07,1.5898608883965685e-07,4.995103878507034e-06,0.0046875,4.995103878507034e-06,0.39687716186897265,-0.00044598981944909966,-1.850938993471754e-06,0.39688232060409007,-0.00044083108433168317,-1.8279015437586274e-06,0.5888888888888889,0.07946463033768435
79,0.109375,0.5,1.343562350222978e-06,8.525271869220129e-07,3.6177187264527595e-07,1.5698284164165044e-07,5.054658153895706e-06,0.00390625,5.054658153895706e-06,0.3963298009156979,-0.0004502210434443321,-1.861299783541986e-06,0.3963351861873903,-0.0004448357717519724,-1.837379964080791e-06,0.6037037037037037,0.07935600439182845
80,0.1171875,0.5,1.3410947256669038e-06,8.496121877687692e-07,3.6171244045314726e-07,1.474103864450467e-07,5.1180569292542235e-06,0.0046875,5.1180569292542235e-06,0.3957931735086672,-0.0004536194414958006,-1.8684394185227034e-06,0.395798435116195,-0.0004483578339680161,-1.845074981656294e-06,0.6037037037037037,0.0792493585900326
81,0.125,0.5,1.3357722146016746e-06,8.456193337671386e-07,3.6163641082421965e-07,1.3054391457198445e-07,5.180147675594047e-06,0.00390625,5.180147675594047e-06,0.395258219161709,-0.00045745855016210424,-1.87747251067426e-06,0.39526372046327757,-0.0004519572485935375,-1.8531185753281154e-06,0.6074074074074074,0.07914313554237422
82,0.1328125,0.5,1.3325850626617578e-06,8.430143903838797e-07,3.6156218553786613e-07,1.1048362335305904e-07,5.258926373957244e-06,0.002734375,5.258926373957244e-06,0.3947299067095606,-0.0004613145051297063,-1.8861891154015498e-06,0.3947357529858433,-0.0004554682288470113,-1.860528326668668e-06,0.6074074074074074,0.07903824424293805
83,0.140625,0.5,1.3330056644102106e-06,8.397345870661428e-07,3.6150564700533953e-07,1.1155892220462549e-07,5.326322914889619e-06,0.003515625,5.326322914889619e-06,0.39420193846130996,-0.0004651692343313196,-1.8950837222716501e-06,0.3942081804581918,-0.00045892723744950237,-1.8678190091066965e-06,0.6037037037037037,0.07893342153912826
84,0.1484375,0.5,1.3231426280318865e-06,8.353476326974706e-07,3.6143758522229386e-07,6.997496189049824e-08,5.406472775338882e-06,0.001953125,5.406472775338882e-06,0.3936669042841472,-0.0004688188205430044,-1.9032016786265293e-06,0.3936730141804735,-0.00046270892421668153,-1.8768408009584188e-06,0.6148148148148148,0.07882714462093804
85,0.15625,0.5,1.328205308393886e-06,8.330329610950596e-07,3.613653425329148e-07,9.02822065647433e-08,5.4629986105797575e-06,0.00234375,5.4629986105797575e-06,0.3931434470412946,-0.00047266602518075684,-1.912034485758126e-06,0.39314970796755117,-0.00046640509892420523,-1.8852969413897438e-06,0.6148148148148148,0.07872322261329508
86,0.1640625,0.5,1.326142539483792e-06,8.299751987163861e-07,3.613028996540173e-07,8.340003830691316e-08,5.5220888025559745e-06,0.00234375,5.5220888025559745e-06,0.39263001027947686,-0.0004762497156560741,-1.9198700058592044e-06,0.39263604294172433,-0.00047021705340860587,-1.8940286313225791e-06,0.6222222222222222,0.07862125199902659
87,0.171875,0.5,1.3255640002032074e-06,8.260470477828056e-07,3.612308314171305e-07,7.954969464237308e-08,5.595198159476588e-06,0.00234375,5.595198159476588e-06,0.39210667067800004,-0.00047991038190664526,-1.9281168335400748e-06,0.39211306880195657,-0.000473512257950115,-1.9010295155616605e-06,0.6185185185185185,0.07851731621198134
88,0.1796875,0.5,1.318025433207236e-06,8.232223700189006e-07,3.6116403208432033e-07,4.4127809496470434e-08,5.667972184118375e-06,0.0015625,5.667972184118375e-06,0.3915935497143139,-0.00048398927179083007,-1.937781714215147e-06,0.39160020870349194,-0.00047733028261282007,-1.9098897149263786e-06,0.6222222222222222,0.07841550779722095
89,0.1875,0.5,1.3202842569138608e-06,8.207673158675548e-07,3.611066733872114e-07,5.221312231573193e-08,5.7265003093243724e-06,0.001953125,5.7265003093243724e-06,0.3910839554906481,-0.0004878356254763849,-1.9467382309822697e-06,0.39109005514648804,-0.00048173596963646537,-1.9211878991674683e-06,0.6259259259259259,0.07831435822322491
90,0.1953125,0.5,1.3234189818730274e-06,8.183970121995954e-07,3.610296759059269e-07,5.7051288170095226e-08,5.800887055007653e-06,0.001953125,5.800887055007653e-06,0.3905819145976917,-0.0004917365021313569,-1.9558038240648093e-06,0.39058858060068236,-0.0004850704991407051,-1.9280015077486235e-06,0.6259259259259259,0.07821473021996461
91,0.203125,0.5,1.3252178752352538e-06,8.149992746290189e-07,3.609718791267263e-07,6.021083866340239e-08,5.873902056517874e-06,0.00234375,5.873902056517874e-06,0.39008024517575607,-0.0004954758490778866,-1.964156087653189e-06,0.39008690937433926,-0.0004888116504946916,-1.9365702618533804e-06,0.6259259259259259,0.07811514420496679
92,0.2109375,0.5,1.3247598109355743e-06,8.122676509821118e-07,3.609013659747542e-07,5.662841722749255e-08,5.935451313903285e-06,0.001953125,5.935451313903285e-06,0.3895799239593671,-0.0004997869764864493,-1.975000025467076e-06,0.3895867786094813,-0.0004929323263722085,-1.9464781249141838e-06,0.6259259259259259,0.07801594218717071
93,0.21875,0.5,1.324208396943272e-06,8.103839614034903e-07,3.6083926038295377e-07,4.4046329487836164e-08,6.011507565160647e-06,0.0015625,6.011507565160647e-06,0.38908471938543626,-0.0005035125909489402,-1.983337360386586e-06,0.3890914872204205,-0.0004967447559647287,-1.955156514342872e-06,0.6296296296296297,0.07791764639527704
94,0.2265625,0.5,1.3257729649969007e-06,8.079535658280839e-07,3.607733067167937e-07,4.1398879937907046e-08,6.087839566392418e-06,0.001171875,6.087839566392418e-06,0.38859068850915346,-0.0005074951442080033,-1.992679831615892e-06,0.3885975465425638,-0.0005006371107976748,-1.964323888378381e-06,0.6333333333333333,0.0778196367306723
95,0.234375,0.5,1.326608925038512e-06,8.049449687609153e-07,3.6071323136343974e-07,3.832256245733453e-08,6.1620012911579625e-06,0.0015625,6.1620012911579625e-06,0.38809746183934807,-0.0005113852304722277,-2.0016488184432637e-06,0.3881046937095774,-0.0005041533602428983,-1.9719829419195074e-06,0.6407407407407407,0.07772176941396405
96,0.2421875,0.5,1.3286460313400457e-06,8.026313254274683e-07,3.606397569833606e-07,3.855210739739986e-08,6.234215120457848e-06,0.0015625,6.234215120457848e-06,0.3876106262234344,-0.00051527400416157,-2.010738428019458e-06,0.3876180138721951,-0.0005078863554008883,-1.9803569068691895e-06,0.6407407407407407,0.07762518004551919
97,0.25,0.5,1.3286660384357867e-06,8.000779439660902e-07,3.605780228165379e-07,3.903554504031213e-08,6.287041884970064e-06,0.0015625,6.287041884970064e-06,0.38712446440011067,-0.0005193409017202888,-2.020191915778121e-06,0.3871325149051902,-0.0005112903966407734,-1.9873958857421093e-06,0.6407407407407407,0.07752876106036619
98,0.2578125,0.5,1.3347566922770288e-06,7.972096540533718e-07,3.6051351772744586e-07,3.712443572331109e-08,6.40851651939357e-06,0.0015625,6.40851651939357e-06,0.3866377439995443,-0.0005232825419406728,-2.029338877494551e-06,0.3866455771471015,-0.0005154493943834715,-1.9975287192262794e-06,0.6407407407407407,0.077432205308297
99,0.265625,0.5,1.3291583911878845e-06,7.967495947165934e-07,3.6044906089103303e-07,1.829178490613415e-08,6.437281795421722e-06,0.00078125,6.437281795421722e-06,0.3861582064240034,-0.0005274191531220995,-2.0391006572047514e-06,0.3861666714539548,-0.0005189541231707118,-2.0052596996098177e-06,0.6407407407407407,0.07733712511542509
100,0.2734375,0.5,1.3348264930597488e-06,7.930348103011223e-07,3.6038156354153787e-07,2.81637816307561e-08,6.530543595117616e-06,0.0015625,6.530543595117616e-06,0.38568203283241365,-0.0005313628523941905,-2.048489256797068e-06,0.3856906434680794,-0.0005227522167284282,-2.014128545791956e-06,0.6407407407407407,0.07724267913696156
101,0.28125,0.5,1.333848851096309e-06,7.910927110245744e-07,3.603233952186143e-07,2.6839104331111313e-08,6.572002340593831e-06,0.0015625,6.572002340593831e-06,0.3852094828307684,-0.0005356226358219085,-2.0588896654178735e-06,0.38521815099269585,-0.0005269544738944476,-2.0245559006426767e-06,0.6407407407407407,0.07714902109331806
102,0.2890625,0.5,1.337450397245871e-06,7.88101522599688e-07,3.6024222927070547e-07,2.6276173087954983e-08,6.664579083521033e-06,0.0015625,6.664579083521033e-06,0.38472606856232355,-0.0005398059971337132,-2.068936385183945e-06,0.38473528272737695,-0.0005305918320803182,-2.0326536296676537e-06,0.6407407407407407,0.07705317491189145
103,0.296875,0.5,1.3421015985563227e-06,7.868886114100221e-07,3.601833046195374e-07,2.2678706279566883e-08,6.7622144852983396e-06,0.00078125,6.7622144852983396e-06,0.3842597384123814,-0.000543767412370999,-2.0780662470670525e-06,0.3842689859199905,-0.0005345199047619431,-2.0418187008890273e-06,0.6407407407407407,0.07696070116495048
104,0.3046875,0.5,1.342114000949134e-06,7.848094731931235e-07,3.601250196911969e-07,2.281912344001807e-08,6.809957913223746e-06,0.00078125,6.809957913223746e-06,0.38379695722374074,-0.0005476678064616491,-2.0872358670559303e-06,0.38380560381941836,-0.0005390212107840298,-2.053051654805503e-06,0.6407407407407407,0.07686892500604048
105,0.3125,0.5,1.345286280270911e-06,7.833134845289961e-07,3.6005953069793334e-07,1.9884834330670918e-08,6.892684477314541e-06,0.001171875,6.892684477314541e-06,0.3833334966271023,-0.0005520795743311213,-2.0981138292448776e-06,0.3833418024590644,-0.0005437737423690248,-2.065089465793648e-06,0.6592592592592592,0.07677711524028669
106,0.3203125,0.5,1.3469037802326689e-06,7.811801100291408e-07,3.5998975802694915e-07,1.7012723036932687e-08,6.963830240699968e-06,0.000390625,6.9638302406999666e-06,0.3828727011091389,-0.0005562629700039956,-2.1079824800758636e-06,0.3828820264105443,-0.0005469376685985905,-2.0712997514215747e-06,0.6555555555555556,0.07668579281582857
107,0.328125,0.5,1.3489454600742044e-06,7.786707004239892e-07,3.599290910007522e-07,1.2987277304022521e-08,7.044275309162092e-06,0.00078125,7.044275309162092e-06,0.38241407216643214,-0.0005606138409016137,-2.1185723875724073e-06,0.38242345046052534,-0.0005512355468084151,-2.0819888879621538e-06,0.6518518518518519,0.07659493720146675
108,0.3359375,0.5,1.349170411860247e-06,7.772307835998583e-07,3.5986103373830275e-07,1.3721941211877926e-08,7.087192933015353e-06,0.000390625,7.087192933015353e-06,0.38196668577808535,-0.0005648725403978871,-2.128816950986844e-06,0.3819759122637888,-0.0005556460546944364,-2.092781046157037e-06,0.6518518518518519,0.07650631166369665
109,0.34375,0.5,1.3539570203888534e-06,7.756490256059206e-07,3.597987052884545e-07,1.1588440776161974e-08,7.183594321980211e-06,0.000390625,7.183594321980211e-06,0.3815148983704836,-0.0005690991971166182,-2.138751190020234e-06,0.38152422323323343,-0.0005597743343667694,-2.102521217287349e-06,0.6555555555555556,0.07641679951352004
110,0.3515625,0.5,1.3576516012589543e-06,7.740320500393068e-07,3.5973127858272196e-07,0.0,7.2927216618485315e-06,0.0,7.2927216618485315e-06,0.38106888205752387,-0.0005732247224238263,-2.148344127603577e-06,0.3810780559178376,-0.0005640508621100881,-2.112888048124101e-06,0.6592592592592592,0.07632842135598954
111,0.359375,0.5,1.3616921831377275e-06,7.716897455270683e-07,3.5966419607303124e-07,1.2149713127956353e-08,7.350366911637147e-06,0.000390625,7.350366911637147e-06,0.3806275132680721,-0.0005772176728853773,-2.157592785281121e-06,0.3806368461135329,-0.0005678848274245918,-2.1214533334162726e-06,0.6592592592592592,0.0762409461881915
112,0.3671875,0.5,1.3650424832431255e-06,7.702413698413776e-07,3.5960842794824834e-07,1.1643534953819506e-08,7.426695130146764e-06,0.000390625,7.426695130146764e-06,0.38018405050822845,-0.000581617887320196,-2.1686051683505276e-06,0.3801925634688446,-0.0005731049267040378,-2.1354727387389483e-06,0.662962962962963,0.07615313367910972
113,0.375,0.5,1.3675293554895132e-06,7.688649398148145e-07,3.595427437709075e-07,1.2724786183407853e-08,7.489790426453115e-06,0.000390625,7.489790426453115e-06,0.3797422385356792,-0.0005859604197822055,-2.1791066294361773e-06,0.3797510851869768,-0.0005771137684845717,-2.144472634443015e-06,0.662962962962963,0.07606563979109228
114,0.3828125,0.5,1.3693917063484494e-06,7.673206250256919e-07,3.5947737400376484e-07,1.0142771618274794e-08,7.556628829500202e-06,0.000390625,7.556628829500202e-06,0.3793018268128463,-0.0005899729560233102,-2.1884658818341145e-06,0.37931166040050146,-0.0005801393683681488,-2.1507171824378113e-06,0.6592592592592592,0.07597835995377392
115,0.390625,0.5,1.3728858424348562e-06,7.653962320851778e-07,3.594146832683085e-07,1.084327446462894e-08,7.633653342401105e-06,0.000390625,7.633653342401105e-06,0.3788665107603318,-0.0005946171534063627,-2.2000873476432778e-06,0.3788762222580658,-0.0005849056556723742,-2.1629334558585594e-06,0.6592592592592592,0.07589222558274762
116,0.3984375,0.5,1.3786066984201345e-06,7.646212206527718e-07,3.593469441866801e-07,8.078303585052835e-09,7.734423714005579e-06,0.000390625,7.734423714005579e-06,0.37843592048506397,-0.0005990883268147118,-2.210970449969022e-06,0.37844534170803257,-0.0005896671038461143,-2.1748537530394256e-06,0.662962962962963,0.07580700176237573
117,0.40625,0.5,1.3811164947492888e-06,7.632375574553401e-07,3.592881539921638e-07,8.162041763011379e-09,7.799428720101113e-06,0.000390625,7.799428720101113e-06,0.3780043420323204,-0.0006031354274129153,-2.2203380201335737e-06,0.3780142058941472,-0.0005932715655861398,-2.1828431730572403e-06,0.6592592592592592,0.07572149549194666
118,0.4140625,0.5,1.3822163258140788e-06,7.612798698426226e-07,3.592294433820708e-07,5.761413637188698e-09,7.859701072684812e-06,0.000390625,7.859701072684812e-06,0.3775787073780995,-0.0006073497203141764,-2.2304671643227805e-06,0.37758841929166875,-0.0005976378067449328,-2.1936304700978927e-06,0.662962962962963,0.07563721141968274
119,0.421875,0.5,1.3887235475957785e-06,7.598468043062592e-07,3.5916453725296537e-07,5.261437608663176e-09,7.965992153004617e-06,0.000390625,7.965992153004617e-06,0.3771522113495088,-0.0006114769846359835,-2.240180611862196e-06,0.3771618610500547,-0.000601827284090084,-2.2039913916697593e-06,0.662962962962963,0.07555273766682896
120,0.4296875,0.5,1.3911812261952997e-06,7.584854724060334e-07,3.590904892842435e-07,8.389189581686427e-09,8.022134882039886e-06,0.000390625,8.022134882039886e-06,0.3767295416429707,-0.0006157741232670211,-2.2504204532890204e-06,0.3767397477674933,-0.000605567998744394,-2.212304484463276e-06,0.662962962962963,0.07546906315324754
121,0.4375,0.5,1.394647792744183e-06,7.575606445687825e-07,3.59023493624882e-07,1.1500182534930104e-08,8.085721060796242e-06,0.000390625,8.085721060796242e-06,0.37631699797407525,-0.0006206118016127138,-2.2626546770246683e-06,0.3763278022301295,-0.0006098075455584495,-2.221786577594133e-06,0.662962962962963,0.07538752195513759
122,0.4453125,0.5,1.3975664024374557e-06,7.558048364302366e-07,3.589611355376073e-07,4.434456774677318e-09,8.173724123672989e-06,0.000390625,8.173724123672989e-06,0.37589773256029385,-0.0006255494705414422,-2.275312251227412e-06,0.3759088529556713,-0.0006144290751640136,-2.233727924785204e-06,0.6666666666666666,0.07530465640616706
123,0.453125,0.5,1.4026212792353063e-06,7.549509069731994e-07,3.5888849859248447e-07,4.971115791382006e-09,8.258933721117727e-06,0.000390625,8.258933721117727e-06,0.375481423303162,-0.0006302254842894262,-2.286842271897408e-06,0.375492673334268,-0.0006189754531834013,-2.245074162737803e-06,0.662962962962963,0.07522232975749028
124,0.4609375,0.5,1.4062197950463165e-06,7.531218521703164e-07,3.5883107769561213e-07,2.0856867457078043e-10,8.347892045667913e-06,0.000390625,8.347892045667913e-06,0.37506260738240493,-0.0006341492076784028,-2.2959969581455185e-06,0.3750732512464974,-0.0006235053435859617,-2.256556544056839e-06,0.6703703703703704,0.07513935131801666
125,0.46875,0.5,1.4110408777169544e-06,7.525292907572871e-07,3.587634999670947e-07,6.194293080416872e-10,8.429344440655597e-06,0.000390625,8.429344440655597e-06,0.37465222017636995,-0.000638844660871718,-2.307629972047188e-06,0.3746630996428338,-0.0006279651944078868,-2.267631235859885e-06,0.674074074074074,0.07505821296744834
126,0.4765625,0.5,1.4156839312296123e-06,7.517573164871597e-07,3.586945286559556e-07,2.627965901749046e-10,8.51179900420717e-06,0.000390625,8.51179900420717e-06,0.37424816854108317,-0.0006431689214012604,-2.318025275656419e-06,0.3742594434787434,-0.0006318939837410276,-2.2771233886562992e-06,0.6666666666666666,0.07497826749249688
127,0.484375,0.5,1.416545300331592e-06,7.515706975268339e-07,3.5863144803609026e-07,2.405153014185986e-09,8.547032635232903e-06,0.000390625,8.547032635232903e-06,0.37385562030941827,-0.0006464961983206341,-2.324444085053236e-06,0.37386825258721185,-0.0006338639205270558,-2.2780414657068253e-06,0.6777777777777778,0.07490042330154778
128,0.4921875,0.5,1.4227135648737844e-06,7.495576357545492e-07,3.585669856798748e-07,0.0,8.65596639702864e-06,0.0,8.65596639702864e-06,0.3734558728932907,-0.0006510041059772376,-2.3354454310931167e-06,0.3734686633838707,-0.0006382136153972318,-2.288633656711658e-06,0.6851851851851852,0.07482137539985358
129,0.5,0.5,1.427104822763411e-06,7.484931040717053e-07,3.58501620948925e-07,0.0,8.736074602530961e-06,0.0,8.736074602530961e-06,0.37305637995783464,-0.0006554250265272121,-2.3461995694222613e-06,0.373069220633256,-0.0006425843511058682,-2.299446759387771e-06,0.6851851851851852,0.07474236099687237
130,0.5078125,0.5,1.432595833782362e-06,7.472201941998987e-07,3.584410566437287e-07,0.0,8.828025453727058e-06,0.0,8.828025453727058e-06,0.3726538806056333,-0.0006601329160750846,-2.3580851270590952e-06,0.37266608091775105,-0.0006479326039573463,-2.314086442865783e-06,0.6888888888888889,0.07466280270434168
131,0.515625,0.5,1.4359232333955155e-06,7.469420553759532e-07,3.5836531848464034e-07,0.0,8.893410579791453e-06,0.0,8.893410579791453e-06,0.37225826518401367,-0.0006650582612267031,-2.3706029020906304e-06,0.37227043507914254,-0.0006528883660978368,-2.3268372767967e-06,0.6888888888888889,0.07458466468904808
132,0.5234375,0.5,1.4372806899858107e-06,7.46534264740432e-07,3.5830514311589957e-07,0.0,8.9396010609572e-06,0.0,8.9396010609572e-06,0.3718777248372591,-0.0006697811922253272,-2.382234926162066e-06,0.3718900419628428,-0.0006574640666416331,-2.337712870282378e-06,0.6962962962962963,0.07450950120589689
133,0.53125,0.5,1.443181720835963e-06,7.448801834557792e-07,3.582312233235619e-07,0.0,9.037087974504243e-06,0.0,9.037087974504243e-06,0.3714875836593613,-0.0006740723058906162,-2.3923804272508314e-06,0.3714999734005524,-0.0006616825646995061,-2.3472221884749582e-06,0.6962962962962963,0.07443233119305039
134,0.5390625,0.5,1.4462033017496587e-06,7.443188484244775e-07,3.5817936399612654e-07,0.0,9.100377691498391e-06,0.0,9.100377691498391e-06,0.3710996806514147,-0.000678436966387308,-2.4028754829340682e-06,0.3711125227050069,-0.0006655949127951089,-2.3566851803864027e-06,0.6962962962962963,0.0743556235235604
135,0.546875,0.5,1.450968790258077e-06,7.443042677681556e-07,3.581107569758786e-07,0.0,9.178640987044478e-06,0.0,9.178640987044478e-06,0.3707195502701955,-0.0006828314820063741,-2.4133568346005967e-06,0.3707326687488546,-0.0006697130033472831,-2.366048223336793e-06,0.7037037037037037,0.07428047635044037
136,0.5546875,0.5,1.4575666438893937e-06,7.427113009548008e-07,3.5803917460872734e-07,0.0,9.282281630171807e-06,0.0,9.282281630171807e-06,0.37033770075552075,-0.0006883344946775338,-2.428085553779838e-06,0.3703496545771654,-0.0006763806730328836,-2.385261669912936e-06,0.7111111111111111,0.07420520705003966
137,0.5625,0.5,1.4597657280350034e-06,7.421155625669914e-07,3.57973962319211e-07,0.0,9.337298156073885e-06,0.0,9.337298156073885e-06,0.36995796325832886,-0.0006928941774684283,-2.439078724990958e-06,0.3699701163651571,-0.0006807410706402006,-2.395582709236474e-06,0.7074074074074074,0.07413017148715946
138,0.5703125,0.5,1.4655164621937842e-06,7.417095467744072e-07,3.579054999265339e-07,0.0,9.426951608873047e-06,0.0,9.426951608873047e-06,0.36958365644479785,-0.0006976895172707831,-2.451036715728921e-06,0.36959607183273435,-0.000685274129334279,-2.4072460658804595e-06,0.6925925925925925,0.07405626919241373
139,0.578125,0.5,1.4703901416134577e-06,7.413267100363176e-07,3.5784737843281e-07,0.0,9.50762420160418e-06,0.0,9.507624201604178e-06,0.36920828976007103,-0.0007021103882882129,-2.461777040441257e-06,0.3692208592285866,-0.0006895409197726354,-2.4178139446603703e-06,0.7037037037037037,0.07398208002967185
140,0.5859375,0.5,1.4750141795616819e-06,7.402875395386436e-07,3.5776904075055237e-07,0.0,9.588585729066856e-06,0.0,9.588585729066856e-06,0.3688413249874317,-0.0007051869229846575,-2.46737233594585e-06,0.36885510584142867,-0.00069140606898771,-2.418981155144289e-06,0.7,0.07390930238208328
141,0.59375,0.5,1.4821992380667864e-06,7.396793760354647e-07,3.5771650861581745e-07,0.0,9.693103145617371e-06,0.0,9.693103145617371e-06,0.36846777850708023,-0.0007100474633054965,-2.4798027173600313e-06,0.3684806828623025,-0.0006971431080832202,-2.4345812202110633e-06,0.6962962962962963,0.07383556519407715
142,0.6015625,0.5,1.4840709720801417e-06,7.403390480212615e-07,3.576328621232839e-07,0.0,9.739536140131322e-06,0.0,9.739536140131322e-06,0.36811015653414453,-0.000715404714503709,-2.4937326407112326e-06,0.3681231831574483,-0.00070237809119994,-2.448526947232974e-06,0.7,0.07376511224972965
143,0.609375,0.5,1.491605096109355e-06,7.398044394886794e-07,3.5756504237295195e-07,0.0,9.847277892380723e-06,0.0,9.847277892380723e-06,0.36774996530077586,-0.000720154428372255,-2.5055558472110635e-06,0.3677628535444271,-0.0007072661847210004,-2.461182453160208e-06,0.7074074074074074,0.07369402394582962
144,0.6171875,0.5,1.4952103369882294e-06,7.391189603442094e-07,3.574907975577655e-07,0.0,9.916275083637783e-06,0.0,9.916275083637783e-06,0.3673825881496765,-0.0007249517168453345,-2.517569992857441e-06,0.36739619639715704,-0.0007113434693648002,-2.470579101957165e-06,0.7,0.07362150797330437
145,0.625,0.5,1.4989228820716289e-06,7.393066125301617e-07,3.5742744219982786e-07,0.0,9.982907509979257e-06,0.0,9.982907509979257e-06,0.3670197410321568,-0.0007296798120790537,-2.5292983896791515e-06,0.3670338444174169,-0.0007155764268189646,-2.4809748993568433e-06,0.7037037037037037,0.07354988416884717
146,0.6328125,0.5,1.5031886379029757e-06,7.38882813798347e-07,3.573693533652703e-07,0.0,1.005732310784935e-05,0.0,1.005732310784935e-05,0.366673286030887,-0.0007343239266811019,-2.5406408797513263e-06,0.36668684357104186,-0.0007207663865262393,-2.4939956934497327e-06,0.7111111111111111,0.07348152199151362
147,0.640625,0.5,1.5073089812986535e-06,7.387216759643989e-07,3.572919091271092e-07,0.0,1.0129407497143936e-05,0.0,1.0129407497143936e-05,0.36631828144382883,-0.0007390226921071275,-2.552015422462961e-06,0.36633137461323845,-0.0007259295226975104,-2.507034233611993e-06,0.7111111111111111,0.07341146082718719
148,0.6484375,0.5,1.5131440499922123e-06,7.388857736946441e-07,3.572256841429939e-07,0.0,1.021740990616216e-05,0.0,1.021740990616216e-05,0.36597646505395104,-0.000744090624366256,-2.564621329242435e-06,0.3659886710384287,-0.0007318846398886025,-2.521931703538063e-06,0.7148148148148148,0.07334411113566346
149,0.65625,0.5,1.518950972702014e-06,7.386662261291548e-07,3.571558894665216e-07,0.0,1.0306509050077121e-05,0.0,1.0306509050077121e-05,0.3656284544011504,-0.0007486863275595335,-2.5758965006212383e-06,0.3656415545878436,-0.0007355861408663289,-2.530419519339072e-06,0.7185185185185186,0.07327542814574198
150,0.6640625,0.5,1.5218956539794475e-06,7.383537752149488e-07,3.570747264919695e-07,0.0,1.036734997057102e-05,0.0,1.036734997057102e-05,0.3652722678020216,-0.0007530669618183716,-2.5862427381787923e-06,0.3652855540172993,-0.0007397807465406858,-2.540103407907548e-06,0.7185185185185186,0.073205066952768
151,0.671875,0.5,1.5280108142325633e-06,7.386654377977718e-07,3.5701989795303446e-07,0.0,1.0457634735179742e-05,0.0,1.0457634735179742e-05,0.3649399937519091,-0.0007575278903811933,-2.5968592851196215e-06,0.364953933883535,-0.0007435877587553263,-2.5488300723936364e-06,0.7185185185185186,0.07313950432845806
152,0.6796875,0.5,1.5338578707174895e-06,7.380428809796638e-07,3.5694489974003675e-07,0.0,1.0548425238616348e-05,0.0,1.0548425238616348e-05,0.3645956426362784,-0.0007624532300588571,-2.609162642843192e-06,0.3646092990326886,-0.0007487968336486461,-2.562058899676918e-06,0.7185185185185186,0.07307161917326745
153,0.6875,0.5,1.5427095429449535e-06,7.389459193942673e-07,3.5686332525280934e-07,0.0,1.0664454070229384e-05,0.0,1.0664454070229384e-05,0.36425537034334105,-0.0007668847312615745,-2.6195752249576014e-06,0.3642691124114599,-0.0007531426631426918,-2.572202759752566e-06,0.7185185185185186,0.07300445101492052
154,0.6953125,0.5,1.5435787792024611e-06,7.384470230472285e-07,3.568143766998228e-07,0.0,1.070485705568663e-05,0.0,1.070485705568663e-05,0.3639125007787328,-0.0007721554741572101,-2.633331743278017e-06,0.36392568875287534,-0.0007589675000146401,-2.5881733405447e-06,0.7148148148148148,0.072936931250578
155,0.703125,0.5,1.549623918410671e-06,7.394071686474366e-07,3.567186639011686e-07,0.0,1.0792946046629539e-05,0.0,1.0792946046629539e-05,0.36358129251287374,-0.0007762866961062431,-2.6427409753222437e-06,0.36359544798266935,-0.0007621312263106361,-2.5943645587265455e-06,0.7185185185185186,0.07287151584179599
156,0.7109375,0.5,1.5557468114362095e-06,7.38670371247366e-07,3.566682455194666e-07,0.0,1.0886560764485222e-05,0.0,1.0886560764485223e-05,0.36324582054326043,-0.000780980236552653,-2.6545305601359103e-06,0.3632598308828935,-0.0007669698969196004,-2.6074001932077932e-06,0.7148148148148148,0.07280536015596262
157,0.71875,0.5,1.5573239399027641e-06,7.393875732136704e-07,3.565895741294824e-07,0.0,1.093072428530854e-05,0.0,1.093072428530854e-05,0.3629205939373353,-0.000786103361178847,-2.667299568576305e-06,0.36293471900106644,-0.0007719782974476841,-2.619037406693069e-06,0.7185185185185186,0.07274133945970282
158,0.7265625,0.5,1.5654119636668711e-06,7.404301626073105e-07,3.5651434550611785e-07,0.0,1.1039206369221459e-05,0.0,1.1039206369221459e-05,0.3625991484862758,-0.0007914779152191076,-2.6815216662736925e-06,0.36261340205394965,-0.0007772243475452356,-2.6340286039562284e-06,0.7185185185185186,0.07267812528029897
159,0.734375,0.5,1.576484701953773e-06,7.401846742064191e-07,3.5644417981776245e-07,0.0,1.1181094533140236e-05,0.0,1.1181094533140236e-05,0.362268396082811,-0.0007963839502868053,-2.6939948635061476e-06,0.36228245222911304,-0.0007823278039847392,-2.6477415668595583e-06,0.7148148148148148,0.07261295600661956
160,0.7421875,0.5,1.5716139455399689e-06,7.412488024568957e-07,3.5637253961528696e-07,0.0,1.1160154944108296e-05,0.0,1.1160154944108296e-05,0.3619528413757726,-0.0008008725124236671,-2.7050849494249718e-06,0.3619682287049185,-0.0007854851832777565,-2.654486145651884e-06,0.7185185185185186,0.07255074277763926
161,0.75,0.5,1.5766057148197753e-06,7.41541761961727e-07,3.5629281142758795e-07,0.0,1.1240006657586526e-05,0.0,1.1240006657586526e-05,0.3616397124641739,-0.0008048675758338675,-2.713899150688366e-06,0.3616557986366007,-0.0007887814034071017,-2.6609020741509776e-06,0.7185185185185186,0.07248891600800156
162,0.7578125,0.5,1.586908179345354e-06,7.42545666189795e-07,3.562225614748365e-07,0.0,1.1371229909473634e-05,0.0,1.1371229909473634e-05,0.3613201377744501,-0.0008100904898835082,-2.7269032928365668e-06,0.3613347129636045,-0.0007955153007291327,-2.6789542389239794e-06,0.7222222222222222,0.07242604565286671
163,0.765625,0.5,1.5877985026396815e-06,7.426668241566907e-07,3.5614812336096843e-07,0.0,1.1410600587797156e-05,0.0,1.1410600587797156e-05,0.36100384564889176,-0.000814756738659439,-2.738448340370485e-06,0.36101861401813884,-0.0007999883694123633,-2.6902614723278554e-06,0.7148148148148148,0.07236372047751023
164,0.7734375,0.5,1.5943733759245793e-06,7.438324625301283e-07,3.5607345815572953e-07,0.0,1.150448268340275e-05,0.0,1.150448268340275e-05,0.3606904412988612,-0.0008193388106932376,-2.749468414876301e-06,0.3607059267215194,-0.000803853388035014,-2.69853261424094e-06,0.7222222222222222,0.07230195602191088
165,0.78125,0.5,1.6020076338794927e-06,7.44657494907607e-07,3.559971530502355e-07,0.0,1.160991031047957e-05,0.0,1.160991031047957e-05,0.3603819260258707,-0.0008245365480142319,-2.762498233157759e-06,0.36039650974132675,-0.0008099528325581917,-2.7144225231869176e-06,0.7185185185185186,0.07224129251477698
166,0.7890625,0.5,1.604739147078477e-06,7.456614437622101e-07,3.559238991180558e-07,0.0,1.1666049846370453e-05,0.0,1.1666049846370453e-05,0.36007314685117214,-0.000829363904503222,-2.774825983488892e-06,0.36008876618929925,-0.0008137445663761178,-2.723635875047923e-06,0.7222222222222222,0.07218050215113507
167,0.796875,0.5,1.6135130554648442e-06,7.47191971175508e-07,3.5584034763769e-07,0.0,1.1781794092960351e-05,0.0,1.1781794092960351e-05,0.35977759490593925,-0.0008345925576039304,-2.788147481359903e-06,0.3597933539792026,-0.0008188334843405864,-2.7366204118602143e-06,0.7296296296296296,0.07212243749270864
168,0.8046875,0.5,1.6203179552672207e-06,7.468487032711547e-07,3.5577343495749015e-07,0.0,1.1881626319672178e-05,0.0,1.1881626319672178e-05,0.3594604218900046,-0.0008411511890367152,-2.806796990894396e-06,0.35947478180404097,-0.0008267912750003492,-2.7605275610957008e-06,0.7185185185185186,0.07206031461580827
169,0.8125,0.5,1.6262604079739545e-06,7.48056767448342e-07,3.557073569314085e-07,0.0,1.1969875365706214e-05,0.0,1.1969875365706214e-05,0.359155708184428,-0.0008460975029838114,-2.819164356914405e-06,0.35916979281328637,-0.0008320128741254318,-2.773835482473212e-06,0.725925925925926,0.07200036113748236
170,0.8203125,0.5,1.6322341055812503e-06,7.489620317970233e-07,3.556148708088655e-07,0.0,1.2059396667823247e-05,0.0,1.2059396667823247e-05,0.35885082362977494,-0.000848818032676002,-2.8242716913104123e-06,0.35886699983472586,-0.000832641827725078,-2.7730163860339367e-06,0.7185185185185186,0.07193992833249019
171,0.828125,0.5,1.6302900749886813e-06,7.515894346882009e-07,3.555382701049256e-07,0.0,1.2066805109710053e-05,0.0,1.2066805109710053e-05,0.35856620904656494,-0.000853440536158101,-2.8345224613593933e-06,0.35858221018211855,-0.0008374394006044894,-2.7829430949720185e-06,0.7222222222222222,0.0718839299165446
172,0.8359375,0.5,1.637499965643824e-06,7.522136009627051e-07,3.554656167481858e-07,0.0,1.2169428827354435e-05,0.0,1.2169428827354435e-05,0.3582860201961856,-0.0008564490256536272,-2.8396268970714493e-06,0.35830331466876647,-0.0008391545530727629,-2.7833793045287753e-06,0.725925925925926,0.07182849384436785
173,0.84375,0.5,1.6420220241219066e-06,7.537297843919339e-07,3.553941302103146e-07,0.0,1.2243879479457137e-05,0.0,1.2243879479457137e-05,0.3579999297177601,-0.0008631904237675903,-2.8575868519418145e-06,0.3580154934135373,-0.0008476267279904359,-2.8065342993423997e-06,0.725925925925926,0.07177262402830555
174,0.8515625,0.5,1.650846280262876e-06,7.553004038141209e-07,3.5531222578533824e-07,0.0,1.2361608093013903e-05,0.0,1.2361608093013903e-05,0.3577133959366276,-0.0008679692791040972,-2.869949018738285e-06,0.3577288464578041,-0.0008525187579275784,-2.8202759004583534e-06,0.725925925925926,0.07171627304314634
175,0.859375,0.5,1.6585026197226065e-06,7.565172259476188e-07,3.5523643235156295e-07,0.0,1.246836075771598e-05,0.0,1.246836075771598e-05,0.35742060147381144,-0.0008728089743232914,-2.8816605853889494e-06,0.3574354985002313,-0.0008579119479034114,-2.833940035995813e-06,0.7222222222222222,0.07165868208962695
176,0.8671875,0.5,1.6613595422597582e-06,7.578979830888066e-07,3.5515232922750424e-07,0.0,1.2527175558787999e-05,0.0,1.2527175558787999e-05,0.3571359117160409,-0.000876069630861176,-2.8884650214980236e-06,0.35715230024249195,-0.0008596811044101482,-2.8360778659938563e-06,0.7296296296296296,0.07160239626938042
177,0.875,0.5,1.6647882416388839e-06,7.600874343244845e-07,3.5506435423793677e-07,0.0,1.2590960023901285e-05,0.0,1.2590960023901285e-05,0.3568423660856419,-0.0008812727992102976,-2.9017656199340196e-06,0.35685910871557913,-0.00086453016927307,-2.848089882627881e-06,0.7296296296296296,0.07154472777697043
178,0.8828125,0.5,1.6700266627025057e-06,7.615919132104439e-07,3.549850531825406e-07,0.0,1.267392368110445e-05,0.0,1.267392368110445e-05,0.35656448465561685,-0.0008864516342314555,-2.9152586754679086e-06,0.3565819365506419,-0.0008689997392063997,-2.859760970609789e-06,0.7333333333333333,0.07149018725796966
179,0.890625,0.5,1.676665947163863e-06,7.645926738706538e-07,3.549025958682304e-07,0.0,1.2769534990141171e-05,0.0,1.2769534990141171e-05,0.3562817877873865,-0.0008919599924668287,-2.9293493241560665e-06,0.3562989555300056,-0.0008747922498477112,-2.874398721243183e-06,0.7296296296296296,0.07143474955597066
180,0.8984375,0.5,1.6807212759777725e-06,7.651371985814225e-07,3.548308821627403e-07,0.0,1.2842186585537595e-05,0.0,1.2842186585537595e-05,0.3560060262493357,-0.0008980503654064664,-2.944967607544061e-06,0.35602225128377635,-0.0008818253309658131,-2.892434088373264e-06,0.7296296296296296,0.07138081532294843
181,0.90625,0.5,1.6828494806609973e-06,7.684930487935462e-07,3.547442318022225e-07,0.0,1.289316297265838e-05,0.0,1.289316297265838e-05,0.3557340522849522,-0.0009025787684019959,-2.956467751794576e-06,0.35575049077218046,-0.0008861402811737307,-2.9040122829750636e-06,0.725925925925926,0.07132732621067084
182,0.9140625,0.5,1.6916599756760246e-06,7.70122398112597e-07,3.546610797145948e-07,0.0,1.3012951889116014e-05,0.0,1.3012951889116014e-05,0.35546150914341024,-0.0009069455705794649,-2.9672371916133968e-06,0.3554783696696789,-0.0008900850443108177,-2.913707572336122e-06,0.7296296296296296,0.07127369094279794
183,0.921875,0.5,1.6968768823367553e-06,7.722396288939471e-07,3.545766768029626e-07,0.0,1.3096702874016845e-05,0.0,1.3096702874016845e-05,0.3552011264377766,-0.0009130575903303351,-2.9838352271003405e-06,0.3552174298425686,-0.0008967541855383621,-2.932275957381815e-06,0.7333333333333333,0.0712228368056214
184,0.9296875,0.5,1.7005766868799446e-06,7.745885902264542e-07,3.544993916270452e-07,0.0,1.3165397734763785e-05,0.0,1.3165397734763785e-05,0.35493319566767206,-0.0009185037194553991,-2.9991581522507927e-06,0.35494927991794606,-0.0009024194691814036,-2.949609158313176e-06,0.7333333333333333,0.07117033987742549
185,0.9375,0.5,1.7092945466315863e-06,7.767038429719498e-07,3.5440089224251777e-07,0.0,1.3284997199684791e-05,0.0,1.3284997199684791e-05,0.3546833114237413,-0.0009210460077189175,-3.0029546547344376e-06,0.35470108731507544,-0.0009032701163848023,-2.9480341541892013e-06,0.7296296296296296,0.07112087148629205
186,0.9453125,0.5,1.7123362488033505e-06,7.799597124906039e-07,3.5432393536941986e-07,0.0,1.3347353568726156e-05,0.0,1.3347353568726156e-05,0.3544288190547249,-0.0009257000163138684,-3.0146226037844684e-06,0.3544467119580632,-0.000907807112975556,-2.9596628367246046e-06,0.7333333333333333,0.07107090381420775
187,0.953125,0.5,1.7159394241859667e-06,7.832069053099667e-07,3.542377516408146e-07,0.0,1.3415937434669103e-05,0.0,1.3415937434669103e-05,0.3541645990961575,-0.0009321471265751891,-3.0313447170588446e-06,0.354180848192303,-0.0009158980304296849,-2.9812672486693656e-06,0.7333333333333333,0.07101934924454653
188,0.9609375,0.5,1.721416291027988e-06,7.854724122664069e-07,3.5415222271453353e-07,0.0,1.3504156234090843e-05,0.0,1.3504156234090843e-05,0.35390540517009894,-0.0009366031510828488,-3.042306943883534e-06,0.3539230470009072,-0.0009189613202745806,-2.98790008071778e-06,0.7333333333333333,0.07096840166423636
189,0.96875,0.5,1.7298582839167286e-06,7.89435709920596e-07,3.540615288713193e-07,0.0,1.3621913118876193e-05,0.0,1.3621913118876193e-05,0.35363851963460186,-0.0009428032940909659,-3.059721814208853e-06,0.353655242853811,-0.0009260800748818188,-3.009009518516561e-06,0.7333333333333333,0.07091626458573856
190,0.9765625,0.5,1.7297770939495254e-06,7.915725688164045e-07,3.539773117837854e-07,0.0,1.365543643329038e-05,0.0,1.365543643329038e-05,0.3533961843056971,-0.0009454921228175261,-3.06541700962888e-06,0.3534155112765712,-0.0009261651519433811,-3.0067316254427426e-06,0.7333333333333333,0.07086833528570292
191,0.984375,0.5,1.741166897631859e-06,7.938881926719206e-07,3.5389778633467593e-07,0.0,1.3803942611981636e-05,0.0,1.3803942611981636e-05,0.3531457173234231,-0.0009500104510965501,-3.0775727249600523e-06,0.3531652869606034,-0.0009304408139162446,-3.0193205565017998e-06,0.7333333333333333,0.07081914555490393
192,0.9921875,0.5,1.738681468677941e-06,7.978518373292899e-07,3.538084837011447e-07,0.0,1.3814038962765762e-05,0.0,1.3814038962765762e-05,0.3529050645793167,-0.0009554186460395409,-3.0911442778595584e-06,0.3529244376139701,-0.0009360456113861604,-3.03357119527391e-06,0.7296296296296296,0.07077209664507124
193,1.0,0.5,1.74354067653027e-06,8.01237207713551e-07,3.537087266054217e-07,0.0,1.3898319499248482e-05,0.0,1.3898319499248482e-05,0.3526605028638186,-0.000958948013903338,-3.098494492446925e-06,0.3526806345583348,-0.0009388163193871368,-3.0383636557783085e-06,0.737037037037037,0.0707238901755444
194,1.0,0.5,1.7547488493242114e-06,8.043521234666628e-07,3.536357752699404e-07,0.0,1.4011130740542707e-05,0.0,1.4011130740542707e-05,0.35241815069620397,-0.0009680433323338566,-3.1249431071952776e-06,0.3524358170219923,-0.0009503770065455441,-3.0730663466119906e-06,0.737037037037037,0.07067723880570756
195,1.0,0.5,1.7615306129010708e-06,8.091756112552777e-07,3.5353777881367903e-07,0.0,1.407992834087392e-05,0.0,1.407992834087392e-05,0.3521827479722582,-0.0009715848496516521,-3.1317329104891558e-06,0.3522005683572934,-0.0009537644646164245,-3.078653799212794e-06,0.7333333333333333,0.07063086656438196
196,1.0,0.5,1.7722755021245886e-06,8.121758222778518e-07,3.5344286501583585e-07,0.0,1.4188326371087528e-05,0.0,1.4188326371087528e-05,0.35193100066674654,-0.0009776680817917272,-3.1478230890952556e-06,0.3519488276823107,-0.0009598410662275403,-3.094619680251375e-06,0.7333333333333333,0.07058173374970765
197,1.0,0.5,1.776143757113355e-06,8.16646679247565e-07,3.53358776987522e-07,0.0,1.4227849801258335e-05,0.0,1.4227849801258335e-05,0.351711373316472,-0.0009833237315453047,-3.162274995571312e-06,0.35172887072493525,-0.0009658263230820641,-3.1100368281253093e-06,0.7333333333333333,0.07053893940960346
198,1.0,0.5,1.7878149792241718e-06,8.212789975735884e-07,3.532673293142809e-07,0.0,1.4345476499098909e-05,0.0,1.4345476499098909e-05,0.3514775870075103,-0.0009898047496912366,-3.1797919373373947e-06,0.3514944071293649,-0.0009729846278366261,-3.129577319379304e-06,0.7333333333333333,0.0704934783514403
199,1.0,0.5,1.7989760116731432e-06,8.226920895399876e-07,3.53175314883428e-07,0.0,1.4458006967897152e-05,0.0,1.4458006967897152e-05,0.35123287691676164,-0.0009907251305418807,-3.1795011267988214e-06,0.3512520403509651,-0.000971561696338441,-3.122553038196606e-06,0.7333333333333333,0.0704447204094607
200,1.0,0.5,1.8062672729822557e-06,8.288110131889259e-07,3.53090604388086e-07,0.0,1.4531766685941698e-05,0.0,1.4531766685941694e-05,0.3510100642158054,-0.0009968498314377738,-3.1959349853326996e-06,0.3510284479044366,-0.0009784661428065555,-3.14154292348391e-06,0.7333333333333333,0.07040138280944863
201,1.0,0.5,1.8063142576775282e-06,8.323042940151062e-07,3.529968220807191e-07,0.0,1.453317435596809e-05,0.0,1.453317435596809e-05,0.35078623170241224,-0.0010007356491071318,-3.2064960534233366e-06,0.3508059315298968,-0.0009810358216225668,-3.148912605499272e-06,0.7333333333333333,0.07035739347030387
202,1.0,0.5,1.8220005157390254e-06,8.381511158130452e-07,3.5290535880788975e-07,0.0,1.4690951569311354e-05,0.0,1.4690951569311354e-05,0.3505717806390074,-0.0010075544286162197,-3.2255672017391735e-06,0.35059080660692243,-0.000988528460701188,-3.170629606234212e-06,0.7333333333333333,0.07031586701352471
203,1.0,0.5,1.8267495982013939e-06,8.419030125048252e-07,3.528142214820854e-07,0.0,1.4739353767193085e-05,0.0,1.4739353767193085e-05,0.350353159443142,-0.0010106719310025714,-3.2305001055136498e-06,0.35037309585722504,-0.0009907355169195275,-3.1715921535931417e-06,0.7333333333333333,0.07027276627482891
204,1.0,0.5,1.8390435687956705e-06,8.469966354051833e-07,3.527245650074161e-07,0.0,1.4863190037882545e-05,0.0,1.4863190037882545e-05,0.3501318154657009,-0.0010170054383484284,-3.2479306999405144e-06,0.350151486254414,-0.0009973346496353064,-3.190298333832168e-06,0.7296296296296296,0.07022976418080987
205,1.0,0.5,1.8413084560631838e-06,8.490014037495089e-07,3.5264759755366996e-07,0.0,1.4886608585095136e-05,0.0,1.4886608585095136e-05,0.34991873726506423,-0.001021602453775028,-3.2590920967160266e-06,0.3499388773625389,-0.001001462356300331,-3.200240707186791e-06,0.737037037037037,0.07018806794376785
206,1.0,0.5,1.8605215075611504e-06,8.545609726771221e-07,3.5255236648905355e-07,0.0,1.5079691410720968e-05,0.0,1.5079691410720968e-05,0.34969768313763233,-0.001025876347759691,-3.2675916519999564e-06,0.34971676999723783,-0.0010067894881541917,-3.211457861123886e-06,0.7333333333333333,0.07014471189707841
207,1.0,0.5,1.8630802638023152e-06,8.605672396894616e-07,3.5245672859346533e-07,0.0,1.5106235352088496e-05,0.0,1.5106235352088496e-05,0.34948548446228106,-0.0010331558585012779,-3.2882639602658625e-06,0.3495038164483414,-0.0010148238724409508,-3.2345855779668297e-06,0.7333333333333333,0.07010372806415648
208,1.0,0.5,1.8703221277312525e-06,8.644405590556843e-07,3.523743861963951e-07,0.0,1.5179477415348575e-05,0.0,1.5179477415348575e-05,0.3492845066653229,-0.0010404125171130096,-3.311168046656e-06,0.34930273373917553,-0.0010221854432603816,-3.2597529938138714e-06,0.7333333333333333,0.07006498383648718
209,1.0,0.5,1.8751255278767916e-06,8.698707077516872e-07,3.522774002228534e-07,0.0,1.522848127653938e-05,0.0,1.522848127653938e-05,0.34906558713143915,-0.0010453226711765184,-3.3234814229650324e-06,0.3490843488893337,-0.0010265609132819598,-3.2700475644147423e-06,0.7333333333333333,0.07002218196052312
210,1.0,0.5,1.8812435794035334e-06,8.745253099563994e-07,3.521894823257801e-07,0.0,1.529054097077753e-05,0.0,1.529054097077753e-05,0.3488805222182189,-0.0010474344653224055,-3.3238490056352265e-06,0.34890070735625406,-0.0010272493272872607,-3.2648200580166656e-06,0.7333333333333333,0.06998559133670826
211,1.0,0.5,1.8945909013516127e-06,8.791095307302394e-07,3.5210896515533557e-07,0.0,1.5424819361962773e-05,0.0,1.5424819361962773e-05,0.34866401709695927,-0.0010518335630730902,-3.3379451583326336e-06,0.3486849588028379,-0.0010308918571944603,-3.2783407898606914e-06,0.7296296296296296,0.06994317013200647
212,1.0,0.5,1.8982630014798258e-06,8.847723359167141e-07,3.5201886278876296e-07,0.0,1.546244138691063e-05,0.0,1.546244138691063e-05,0.34845719495109034,-0.001058717759782446,-3.3548619905495857e-06,0.34847797930363733,-0.0010379334072354585,-3.294399856720962e-06,0.7333333333333333,0.06990318254217456
213,1.0,0.5,1.9099357480410207e-06,8.900782385600974e-07,3.5192260629347026e-07,0.0,1.55801314174755e-05,0.0,1.5580131417475504e-05,0.3482546683421766,-0.0010629086440453461,-3.364641066758438e-06,0.3482754368898891,-0.0010421400963328553,-3.30416988532752e-06,0.7333333333333333,0.06986351539724439
214,1.0,0.5,1.9185463254904725e-06,8.967470052893401e-07,3.5182933154905105e-07,0.0,1.5667169939414213e-05,0.0,1.5667169939414213e-05,0.3480552474192075,-0.0010689716031627716,-3.381109688987006e-06,0.3480760039996275,-0.0010482150227427711,-3.321155169582076e-06,0.7333333333333333,0.06982484380447405
215,1.0,0.5,1.9268565279220607e-06,9.020759490665094e-07,3.517495572290449e-07,0.0,1.5751069706930155e-05,0.0,1.5751069706930155e-05,0.34787529117636357,-0.0010762619734895895,-3.4048241580740177e-06,0.3478952403080823,-0.001056312841770879,-3.3490741920455037e-06,0.737037037037037,0.06979031062997064
216,1.0,0.5,1.9336047076042816e-06,9.080992719055219e-07,3.51651726368727e-07,0.0,1.5819529812355543e-05,0.0,1.581952981235554e-05,0.3476937671427907,-0.0010836717635095416,-3.4232676481763652e-06,0.34771202376205446,-0.001065415144245796,-3.3716365553937964e-06,0.737037037037037,0.06975548778126005
217,1.0,0.5,1.9487101502432707e-06,9.11775275202719e-07,3.5155931316244287e-07,0.0,1.5971508370808276e-05,0.0,1.5971508370808276e-05,0.3474844090500433,-0.0010854296160021093,-3.4266192450031524e-06,0.3475042044679206,-0.0010656341981248318,-3.3707460611036733e-06,0.7333333333333333,0.06971396773320908
218,1.0,0.5,1.951882856876085e-06,9.191401073179915e-07,3.51470789118541e-07,0.0,1.6004120677575434e-05,0.0,1.6004120677575434e-05,0.3472974364229217,-0.0010909298329094819,-3.441547844461768e-06,0.3473172498005272,-0.0010711164553039998,-3.38617364168916e-06,0.7333333333333333,0.06967767325116625
219,1.0,0.5,1.962728195227005e-06,9.248136805512053e-07,3.513811740830964e-07,0.0,1.6113470211439087e-05,0.0,1.6113470211439087e-05,0.34708846813271677,-0.001097369842384066,-3.4607789235629083e-06,0.3471086490370312,-0.0010771889380696287,-3.4051092971330832e-06,0.7333333333333333,0.06963716759502017
220,1.0,0.5,1.96970635963081e-06,9.317959455493735e-07,3.5129969452913966e-07,0.0,1.61840666510167e-05,0.0,1.61840666510167e-05,0.34692726552639824,-0.0011071446848117672,-3.4878432921635187e-06,0.3469453501136589,-0.0010890600975511089,-3.4381258570921397e-06,0.7296296296296296,0.069606882042242
221,1.0,0.5,1.9751427899316084e-06,9.360914115348005e-07,3.512040996233967e-07,0.0,1.623938690308212e-05,0.0,1.623938690308212e-05,0.34674766072769875,-0.0011087085871263613,-3.487664363181753e-06,0.3467677023137608,-0.001088667001064303,-3.431224201682747e-06,0.7333333333333333,0.06957127386296502
222,1.0,0.5,1.9871077101671952e-06,9.428505516610796e-07,3.511206520019009e-07,0.0,1.635987058165294e-05,0.0,1.635987058165294e-05,0.3465774260842048,-0.0011142595098285746,-3.5017598971217277e-06,0.346596833511468,-0.001094852082565323,-3.447185306353713e-06,0.737037037037037,0.06953833711880666
223,1.0,0.5,1.994341645596915e-06,9.464395025601311e-07,3.5103471777730816e-07,0.0,1.6433069278196068e-05,0.0,1.6433069278196068e-05,0.34639934911402703,-0.0011139088023398025,-3.505064581219117e-06,0.3464214306445165,-0.0010918272718503097,-3.4459835983551945e-06,0.737037037037037,0.06950265158327336
224,1.0,0.5,2.002609813973332e-06,9.555222904566013e-07,3.509338950475387e-07,0.0,1.6516759189257937e-05,0.0,1.6516759189257937e-05,0.3462107415366138,-0.00112197406247605,-3.5255387827889365e-06,0.34623177637910996,-0.0011009392199798906,-3.468611505229064e-06,0.737037037037037,0.06946654311981798
225,1.0,0.5,2.010861002030053e-06,9.600172128291026e-07,3.5085196893406107e-07,0.0,1.660009033095992e-05,0.0,1.660009033095992e-05,0.3460158528649779,-0.0011261145938349926,-3.532219077043608e-06,0.3460377487676553,-0.0011042186911575658,-3.4713745676647617e-06,0.737037037037037,0.06942839349176257
226,1.0,0.5,2.012910082400342e-06,9.682141768946195e-07,3.5075251462817266e-07,0.0,1.662157567772169e-05,0.0,1.662157567772169e-05,0.34586719234443203,-0.0011283573862400087,-3.5397620243816322e-06,0.3458903317988396,-0.0011052179318324362,-3.4767548773764604e-06,0.7407407407407407,0.06939910994613441
227,1.0,0.5,2.0246967930160013e-06,9.741719056707632e-07,3.506754454161973e-07,0.0,1.674021347599804e-05,0.0,1.674021347599804e-05,0.3456821963903545,-0.0011356547441048748,-3.5581152732561323e-06,0.34570441192756746,-0.0011134392068919419,-3.4975213358341326e-06,0.737037037037037,0.06936357022689188
228,1.0,0.5,2.0368090111558916e-06,9.813659227038012e-07,3.5057990446720154e-07,0.0,1.68622910668869e-05,0.0,1.68622910668869e-05,0.34550396055289934,-0.0011398488277518104,-3.5714801993928466e-06,0.34552641391723626,-0.001117395463414883,-3.5112553336030436e-06,0.737037037037037,0.06932876187613023
229,1.0,0.5,2.043024795631615e-06,9.870901139097158e-07,3.504933940227746e-07,0.0,1.6925314016088405e-05,0.0,1.6925314016088405e-05,0.3453325197020111,-0.00114899352735931,-3.5930048371918223e-06,0.3453539284143429,-0.0011275848150275047,-3.5343000838600203e-06,0.7407407407407407,0.0692963026458741
230,1.0,0.5,2.0483671199243247e-06,9.947217807275145e-07,3.5039704319498776e-07,0.0,1.6979700767293367e-05,0.0,1.6979700767293367e-05,0.3451929889694764,-0.001149473581531224,-3.591580913764195e-06,0.3452165334070865,-0.0011259291439211228,-3.5264001783579055e-06,0.7407407407407407,0.06926849251020152
231,1.0,0.5,2.0618445229312926e-06,1.0012789884019773e-06,3.503170330397313e-07,0.0,1.711527489891561e-05,0.0,1.711527489891561e-05,0.34502160184260033,-0.0011559202012026426,-3.6139521418065003e-06,0.34504555813753984,-0.0011319639062631337,-3.5496455472900377e-06,0.7407407407407407,0.0692355044087606
232,1.0,0.5,2.0688959358840965e-06,1.008529956797813e-06,3.502246006358076e-07,0.0,1.7186713352482883e-05,0.0,1.7186713352482886e-05,0.3448612942751196,-0.001160672241049432,-3.6222751756345034e-06,0.34488473418876386,-0.0011372323274051466,-3.5578383882946675e-06,0.7518518518518519,0.0692043933032338
233,1.0,0.5,2.0799951478865054e-06,1.0159479356676841e-06,3.5013710645259794e-07,0.0,1.7298580414339078e-05,0.0,1.7298580414339078e-05,0.3447165052219468,-0.0011678005213855425,-3.643000030807556e-06,0.3447384081948161,-0.0011458975485162393,-3.5842931389849265e-06,0.7518518518518519,0.06917686114866647
234,1.0,0.5,2.0872713315351997e-06,1.021870396358331e-06,3.5005025322413196e-07,0.0,1.7372210783110674e-05,0.0,1.7372210783110674e-05,0.34454581023869374,-0.0011719222454449896,-3.6546237580761852e-06,0.3445690456946366,-0.0011486867895021402,-3.59287610309124e-06,0.7444444444444445,0.06914354649682775
235,1.0,0.5,2.0920616144940978e-06,1.0292949735575676e-06,3.499569814848014e-07,0.0,1.742104633009297e-05,0.0,1.742104633009297e-05,0.3443951594921895,-0.0011746700321754733,-3.659040509847904e-06,0.3444191429086872,-0.0011506866156777984,-3.5942189279099734e-06,0.7407407407407407,0.069113965904873
236,1.0,0.5,2.105997265510346e-06,1.0373708213976093e-06,3.498704546736719e-07,0.0,1.7561268108366746e-05,0.0,1.7561268108366746e-05,0.3442679982936172,-0.0011830275223658204,-3.6825220073096344e-06,0.3442909924085462,-0.0011600334074368113,-3.62128631558532e-06,0.7518518518518519,0.0690902051631966
237,1.0,0.5,2.11124643295607e-06,1.0458355829970936e-06,3.497753107575564e-07,0.0,1.7614711221985132e-05,0.0,1.7614711221985132e-05,0.3440812438173838,-0.0011883048013393571,-3.700464790523325e-06,0.3441051137228721,-0.001164434895851052,-3.63704899920982e-06,0.7444444444444445,0.06905390972374463
238,1.0,0.5,2.1207640285946303e-06,1.0524719428540916e-06,3.496891998676169e-07,0.0,1.771074828727013e-05,0.0,1.771074828727013e-05,0.34391599962414293,-0.0011931403541465824,-3.710343725420932e-06,0.3439393341050099,-0.001169805873279639,-3.6484621666126277e-06,0.7407407407407407,0.0690218279956579
239,1.0,0.5,2.1343551445793326e-06,1.061122857150131e-06,3.496052634150783e-07,0.0,1.784749881164254e-05,0.0,1.784749881164254e-05,0.3437910800251123,-0.0012019471038012264,-3.7383696273334444e-06,0.3438123340036487,-0.001180693125264809,-3.6846420246023194e-06,0.7444444444444445,0.0689986054257827
240,1.0,0.5,2.1311647428996284e-06,1.067994607827451e-06,3.495082115862131e-07,0.0,1.7816565313134158e-05,0.0,1.7816565313134158e-05,0.34367842441086716,-0.0012018842503457305,-3.732018073172188e-06,0.3437022605056144,-0.0011780481555984657,-3.6695585993160897e-06,0.7555555555555555,0.06897606173224258
241,1.0,0.5,2.1421206163084467e-06,1.075483469747463e-06,3.494298240393096e-07,0.0,1.7926907922691372e-05,0.0,1.7926907922691372e-05,0.3435152175222319,-0.0012148755687745871,-3.769327481200073e-06,0.34353690058559744,-0.0011931925054090575,-3.7126727962506854e-06,0.7444444444444445,0.06894601861820131
242,1.0,0.5,2.153070676502237e-06,1.0835350272704366e-06,3.4933473798220373e-07,0.0,1.803735938520033e-05,0.0,1.803735938520033e-05,0.34334674086508743,-0.0012236850126564613,-3.7979155262596667e-06,0.3433681179590015,-0.0012023079187423735,-3.743168941273468e-06,0.7444444444444445,0.06891408517554878
243,1.0,0.5,2.157354693367652e-06,1.0905714952815735e-06,3.4925639938143895e-07,0.0,1.8080982939862126e-05,0.0,1.8080982939862126e-05,0.3431935135451837,-0.0012291487520006972,-3.8112604662881265e-06,0.343215338411463,-0.0012073238857213675,-3.7549858787950694e-06,0.7481481481481481,0.06888453245943688
244,1.0,0.5,2.1677544190372175e-06,1.0980080241167989e-06,3.491578737375073e-07,0.0,1.81859654529971e-05,0.0,1.81859654529971e-05,0.34306109864377005,-0.0012261041760187608,-3.802200258614611e-06,0.3430852390983267,-0.0012019637214620849,-3.7397667482793424e-06,0.7481481481481481,0.06885744056395776
245,1.0,0.5,2.174230957786847e-06,1.1071306454815493e-06,3.4907464161466395e-07,0.0,1.8251563161721824e-05,0.0,1.8251563161721824e-05,0.34293660593619646,-0.0012336870478761863,-3.8198597193209735e-06,0.3429595432718899,-0.0012107497121827682,-3.7605526306943573e-06,0.7518518518518519,0.06883405859681453
246,1.0,0.5,2.1871324500502735e-06,1.115251359677078e-06,3.4898209341139227e-07,0.0,1.838150356638881e-05,0.0,1.838150356638881e-05,0.3427757297862342,-0.0012417982735271615,-3.846074855781679e-06,0.3427981429136605,-0.001219385146100871,-3.7898725291514966e-06,0.7444444444444445,0.06880350561195228
247,1.0,0.5,2.1873394616438472e-06,1.1257941866596233e-06,3.4889536641117555e-07,0.0,1.838444095232671e-05,0.0,1.838444095232671e-05,0.3426726638121332,-0.0012573136419417597,-3.895529271682866e-06,0.3426923225129202,-0.0012376549411547422,-3.849358533832719e-06,0.7518518518518519,0.06878599549081499
248,1.0,0.5,2.2030454168879352e-06,1.1308817357089043e-06,3.488079396338811e-07,0.0,1.8542374772540536e-05,0.0,1.8542374772540536e-05,0.34253215115051094,-0.0012552934101330293,-3.887044404599191e-06,0.34255433605694063,-0.0012331085037033396,-3.833339035164379e-06,0.7592592592592593,0.0687574889121288
249,1.0,0.5,2.2158543714392078e-06,1.1398520955202145e-06,3.487204286274532e-07,0.0,1.8671339428117545e-05,0.0,1.8671339428117545e-05,0.34238227142638644,-0.0012578696236263953,-3.889454921878247e-06,0.34240504726546805,-0.001235093784544783,-3.832447240841963e-06,0.7518518518518519,0.06872802821000257
250,1.0,0.5,2.2153007931411483e-06,1.1498449286183223e-06,3.486328975472076e-07,0.0,1.8666678955939404e-05,0.0,1.8666678955939404e-05,0.34226271467571895,-0.0012674864070341685,-3.920060764618844e-06,0.34228414770846033,-0.0012460533742927882,-3.867740894372934e-06,0.7444444444444445,0.06870604021655062
251,1.0,0.5,2.2288209443048903e-06,1.155834358870932e-06,3.4854741627171666e-07,0.0,1.8802735280331735e-05,0.0,1.8802735280331735e-05,0.3421655341329459,-0.0012713568055762736,-3.926314311595864e-06,0.3421871192861527,-0.0012497716523695024,-3.8721586017225005e-06,0.7518518518518519,0.06868737818770444
252,1.0,0.5,2.239290157585456e-06,1.1648119144628873e-06,3.4844537954308755e-07,0.0,1.8908447780423684e-05,0.0,1.8908447780423684e-05,0.3420016859663711,-0.0012687781672015563,-3.917240634016927e-06,0.3420266879552123,-0.0012437761783603563,-3.854308123018169e-06,0.7518518518518519,0.06865409282671453
253,1.0,0.5,2.2466964451948364e-06,1.1741314346596472e-06,3.483669302011723e-07,0.0,1.8983295149936644e-05,0.0,1.8983295149936644e-05,0.34186487883991434,-0.0012739196785341855,-3.921270096694188e-06,0.3418896787572836,-0.0012491197611649296,-3.8560520907514155e-06,0.7518518518518519,0.06862775970368971
254,1.0,0.5,2.250655381687863e-06,1.1850479449297615e-06,3.48281760215392e-07,0.0,1.902373621472471e-05,0.0,1.902373621472471e-05,0.34175942495202444,-0.0012902566526118986,-3.9762820962226195e-06,0.3417827065082109,-0.0012669750964254267,-3.9171649460963695e-06,0.7555555555555555,0.06860993632092727
255,1.0,0.5,2.2659047146782855e-06,1.1919330744469203e-06,3.481950841809281e-07,0.0,1.9177096304973574e-05,0.0,1.9177096304973574e-05,0.3416400736715332,-0.0012977590226296853,-3.9926845239752345e-06,0.3416619408229951,-0.001275891871167778,-3.936905396573101e-06,0.7555555555555555,0.06858756653883258
256,1.0,0.5,2.2641768056834072e-06,1.201659461884911e-06,3.4810412649778505e-07,0.0,1.916072679185622e-05,0.0,1.916072679185622e-05,0.34151234763303917,-0.0013013945518933756,-4.015893074581418e-06,0.34153501574053446,-0.0012787264443980817,-3.962685829456201e-06,0.7518518518518519,0.06856274843698651
