epoch,stage,lambda_id,alpha,lambda_traj_curr,lambda_sg,train_total_loss,train_boot_loss,train_transport_loss,train_drift_loss,train_identity_loss,train_traj_curr_loss,train_semigroup_loss,train_main_traj_contract_loss,train_mean_midpoint_reconstruction_shift_norm,train_mean_continuation_reevaluation_shift_norm,train_mean_continuation_target_blend_shift_norm,train_mean_semigroup_endpoint_closure_residual_norm,train_mean_predictor_semigroup_defect_norm,train_mean_corrected_semigroup_defect_norm,train_mean_first_projection_short_leg_correction_norm,train_mean_first_projection_continuation_correction_norm,train_mean_second_projection_short_leg_correction_norm,train_mean_second_projection_continuation_correction_norm,train_transported_final_energy,val_one_step_transported_final_energy,val_one_step_energy_delta_vs_identity,val_one_step_fixed_point_residual_delta_vs_identity,val_configured_transported_final_energy,val_configured_energy_delta_vs_identity,val_configured_fixed_point_residual_delta_vs_identity,val_accuracy,val_output_mse
1,warmup,0.0,1.0,0.0,0.0,4.493656037904779e-06,4.493656037904779e-06,2.4738491371164604e-06,2.0198069007883185e-06,6.762819587502695e-06,0.0,0.0,0.0,0.0,0.0,0.0,0.0,0.0,0.0,0.0,0.0,0.0,0.0,0.495335591577503,0.48319073473143526,-9.264746652459799e-05,-4.722473462792599e-07,0.48318405820170673,-9.932399625312005e-05,-5.051966721226619e-07,0.1037037037037037,0.09665667643959197
2,warmup,0.0,1.0,0.0,0.0,4.389957985811562e-06,4.389957985811562e-06,2.4474825741230954e-06,1.9424754116884674e-06,6.816827356115794e-06,0.0,0.0,0.0,0.0,0.0,0.0,0.0,0.0,0.0,0.0,0.0,0.0,0.0,0.47573674806048283,0.4679802991513115,-9.820800283799613e-05,-5.079184827166006e-07,0.4679739151923832,-0.00010459196176632046,-5.404195986554274e-07,0.1,0.0936157014308299
3,warmup,0.0,1.0,0.0,0.0,4.3101318234686984e-06,4.3101318234686984e-06,2.422277034151459e-06,1.88785478931724e-06,6.858573364562639e-06,0.0,0.0,0.0,0.0,0.0,0.0,0.0,0.0,0.0,0.0,0.0,0.0,0.0,0.46309054979151343,0.4579608781238024,-0.00010485075275640243,-5.478411410232817e-07,0.45795478655559124,-0.00011094232096753309,-5.793707302127868e-07,0.1,0.09161314577531175
4,transition,0.011731042782619834,0.9413447860869009,0.023462085565239668,0.1,4.4186778151119695e-06,4.248959395290344e-06,2.3976169232269153e-06,1.8513424720634293e-06,6.904006589525425e-06,3.7456666252890398e-06,8.460722870194922e-09,0.0,0.0,0.0,0.0,0.0,0.0,0.0,0.0,0.0,0.0,0.0,0.4547304306808521,0.4512240967133775,-0.00011067590095614754,-5.823942118624015e-07,0.45121806349648685,-0.00011670911784678051,-6.138749791165612e-07,0.11481481481481481,0.09026695452286673
5,transition,0.08826895721738015,0.5586552139130994,0.1765379144347603,0.1,5.111624278948195e-06,4.20536710785921e-06,2.3746378766031974e-06,1.8307292312560118e-06,6.8974097963876275e-06,1.5894377842510504e-06,1.683396930541896e-07,0.0,0.0,0.0,0.0,0.0,0.0,0.0,0.0,0.0,0.0,0.0,0.44899412166978614,0.446450915894577,-0.00011703378818694876,-6.187885803095588e-07,0.44644501503620193,-0.0001229346465620451,-6.496698985629997e-07,0.13333333333333333,0.08931358993655279
6,transition,0.1,0.5,0.2,0.1,5.126141315488012e-06,4.156577510590046e-06,2.3489419610689135e-06,1.8076355495211327e-06,6.897331997310359e-06,1.31267810241607e-06,1.7294984683716125e-07,0.0,0.0,0.0,0.0,0.0,0.0,0.0,0.0,0.0,0.0,0.0,0.4447721529268887,0.44290734450644875,-0.0001233804118459525,-6.543333231618211e-07,0.4429015979601221,-0.00012912695817263176,-6.843838570059504e-07,0.14814814814814814,0.08860614498365894
7,hybrid,0.1,0.5,0.2,0.1,5.07495471781709e-06,4.11009383067169e-06,2.321410913010829e-06,1.7886829176608611e-06,6.8646817649959575e-06,1.3055359382429038e-06,1.7285522997224155e-07,0.0,0.0,0.0,0.0,0.0,0.0,0.0,0.0,0.0,0.0,0.0,0.4415676362825881,0.4401363370366835,-0.00012923596228120449,-6.865002006766819e-07,0.44013074202557556,-0.00013483097338912176,-7.156724956523819e-07,0.15925925925925927,0.08805311459979294
8,hybrid,0.1,0.5,0.2,0.1,5.029890115138549e-06,4.070121580711183e-06,2.297761408181446e-06,1.7723601725297385e-06,6.8284602929506745e-06,1.2982322117460357e-06,1.7276062783089672e-07,0.0,0.0,0.0,0.0,0.0,0.0,0.0,0.0,0.0,0.0,0.0,0.4390619522464917,0.43785302586703406,-0.00013499446960146821,-7.173428038075166e-07,0.43784758263326706,-0.00014043770336846784,-7.455953222040162e-07,0.17777777777777778,0.08759760406732711
9,hybrid,0.1,0.5,0.2,0.1,4.982573572521206e-06,4.029583177108055e-06,2.2718233189422667e-06,1.7577598581657874e-06,6.780760294146153e-06,1.2882411116389593e-06,1.726614367074443e-07,0.0,0.0,0.0,0.0,0.0,0.0,0.0,0.0,0.0,0.0,0.0,0.4369040053269059,0.43587820503245517,-0.00014020522640578736,-7.44573361737298e-07,0.4358728735024534,-0.00014553675640754937,-7.721028249450498e-07,0.2074074074074074,0.08720368205177219
10,hybrid,0.1,0.5,0.2,0.1,4.9315296652688725e-06,3.98683016975365e-06,2.24631708049081e-06,1.7405130892628411e-06,6.72188404476134e-06,1.2762732406744753e-06,1.7256442904192033e-07,0.0,0.0,0.0,0.0,0.0,0.0,0.0,0.0,0.0,0.0,0.0,0.43489123640802463,0.43409272135720844,-0.00014525299841006145,-7.702627816519965e-07,0.43408749641951516,-0.0001504779361033437,-7.970895963755112e-07,0.24074074074074073,0.0868475948711237
11,hybrid,0.1,0.5,0.2,0.1,4.8918844766091706e-06,3.954783567625985e-06,2.2226821966245586e-06,1.7321013710014267e-06,6.668119205702513e-06,1.2652123301450584e-06,1.724652238392264e-07,0.0,0.0,0.0,0.0,0.0,0.0,0.0,0.0,0.0,0.0,0.0,0.4330846885615075,0.43243823970167977,-0.00015036319920003205,-7.957088664408015e-07,0.4324331531112709,-0.00015544978960890798,-8.216481474624835e-07,0.26296296296296295,0.08651772058017596
12,hybrid,0.1,0.5,0.2,0.1,4.849227158305828e-06,3.920140890868845e-06,2.2011734954888688e-06,1.7189673953799762e-06,6.611251858234748e-06,1.2536230860782157e-06,1.7236464397864604e-07,0.0,0.0,0.0,0.0,0.0,0.0,0.0,0.0,0.0,0.0,0.0,0.43156869645010226,0.4308801265871721,-0.0001546889859213585,-8.163017313128683e-07,0.4308750546924068,-0.00015976088068669902,-8.420187482290466e-07,0.2777777777777778,0.08620696311461869
13,hybrid,0.1,0.5,0.2,0.1,4.801788779836824e-06,3.881666579074663e-06,2.17848371171014e-06,1.7031828673645224e-06,6.5475760362108186e-06,1.2406898536914743e-06,1.7226626402785213e-07,0.0,0.0,0.0,0.0,0.0,0.0,0.0,0.0,0.0,0.0,0.0,0.42997805255673605,0.4293812862804777,-0.00015936819681866554,-8.382155212179184e-07,0.42937631172926605,-0.00016434274803034388,-8.632691772629531e-07,0.3111111111111111,0.08590813089545928
14,hybrid,0.1,0.5,0.2,0.1,4.758303324248964e-06,3.847398408400992e-06,2.156780698593535e-06,1.6906177098074578e-06,6.482272910346098e-06,1.2273056550693588e-06,1.7216493799489027e-07,0.0,0.0,0.0,0.0,0.0,0.0,0.0,0.0,0.0,0.0,0.0,0.4284561694682753,0.4279238220707448,-0.00016395535075819367,-8.589926454364812e-07,0.42791893328183905,-0.0001688441396639484,-8.834656051254707e-07,0.3296296296296296,0.0856175554843006
15,hybrid,0.1,0.5,0.2,0.1,4.71713919434694e-06,3.815356141507557e-06,2.1383747370266276e-06,1.6769814044809297e-06,6.416816752825929e-06,1.214475320880231e-06,1.7206313380744827e-07,0.0,0.0,0.0,0.0,0.0,0.0,0.0,0.0,0.0,0.0,0.0,0.4270440570071842,0.42651062755656094,-0.00016850024083464588,-8.790409946501823e-07,0.4265057892154773,-0.00017333858191825868,-9.030945040851008e-07,0.35555555555555557,0.08533582555947912
16,hybrid,0.1,0.5,0.2,0.1,4.679848716384487e-06,3.786395473166044e-06,2.1185541697629213e-06,1.667841303403123e-06,6.357569388177067e-06,1.2024987358843023e-06,1.7196557223875048e-07,0.0,0.0,0.0,0.0,0.0,0.0,0.0,0.0,0.0,0.0,0.0,0.42560185616109597,0.4251220591268477,-0.00017318469650795532,-8.993101187691039e-07,0.4251173139638364,-0.00017792985951925466,-9.227394182884411e-07,0.36666666666666664,0.08505904876467113
17,hybrid,0.1,0.5,0.2,0.1,4.636282016137565e-06,3.7517639694512876e-06,2.0978747355073043e-06,1.6538892339439835e-06,6.294011954457456e-06,1.1896501310323838e-06,1.7186825034054416e-07,0.0,0.0,0.0,0.0,0.0,0.0,0.0,0.0,0.0,0.0,0.0,0.42419872392000296,0.4237609466829596,-0.00017818703522731738,-9.206946501698896e-07,0.42375635168325054,-0.00018278203493637957,-9.431986256273602e-07,0.37037037037037035,0.08478782674363738
18,hybrid,0.1,0.5,0.2,0.1,4.5984969028037395e-06,3.7228682357711083e-06,2.0783940841267432e-06,1.6444741516443643e-06,6.230793760925461e-06,1.1768597862601862e-06,1.7177333688048544e-07,0.0,0.0,0.0,0.0,0.0,0.0,0.0,0.0,0.0,0.0,0.0,0.4227262220626521,0.4224188632893887,-0.00018275368340614495,-9.393814828313122e-07,0.4224143155058819,-0.00018730146691298133,-9.614982866824027e-07,0.37777777777777777,0.08452032339455896
19,hybrid,0.1,0.5,0.2,0.1,4.558318813277612e-06,3.6929304953728025e-06,2.0602385552796932e-06,1.6326919400931095e-06,6.157506669633581e-06,1.162355381314895e-06,1.7166574678472417e-07,0.0,0.0,0.0,0.0,0.0,0.0,0.0,0.0,0.0,0.0,0.0,0.4214842805322692,0.4210976184619037,-0.00018758206604407857,-9.589428297140815e-07,0.4210931764388839,-0.00019202408906388024,-9.80375779727926e-07,0.3962962962962963,0.08425704010558956
20,hybrid,0.1,0.5,0.2,0.1,4.517786805513339e-06,3.6612335637509304e-06,2.0415095397803078e-06,1.6197240239706232e-06,6.094286442665967e-06,1.1498375731490204e-06,1.7157082866007825e-07,0.0,0.0,0.0,0.0,0.0,0.0,0.0,0.0,0.0,0.0,0.0,0.4201533100526663,0.4197958780722906,-0.00019199208202069773,-9.75969528677241e-07,0.419791435743512,-0.00019643441079925106,-9.97251947550148e-07,0.4148148148148148,0.08399757403086226
21,hybrid,0.1,0.5,0.2,0.1,4.48031716842901e-06,3.632081062309528e-06,2.0237582762411527e-06,1.608322786068375e-06,6.035023686288162e-06,1.1379295533747402e-06,1.7147826815717127e-07,0.0,0.0,0.0,0.0,0.0,0.0,0.0,0.0,0.0,0.0,0.0,0.41871190810190767,0.4185085143336308,-0.00019679812761547177,-9.945637788952159e-07,0.4185041195449723,-0.0002011929162739623,-1.0154513098332442e-06,0.43703703703703706,0.08374106249224925
22,hybrid,0.1,0.5,0.2,0.1,4.442541629177393e-06,3.6028892694839952e-06,2.00803457794476e-06,1.5948546915392356e-06,5.973490681410642e-06,1.125824167139242e-06,1.7138458124484788e-07,0.0,0.0,0.0,0.0,0.0,0.0,0.0,0.0,0.0,0.0,0.0,0.41747064329725675,0.41724120835328116,-0.00020134770498336785,-1.0113701334178466e-06,0.4172368157883145,-0.0002057402699500166,-1.0321199655913748e-06,0.44814814814814813,0.0834885112116529
23,hybrid,0.1,0.5,0.2,0.1,4.408044646143463e-06,3.577020712227461e-06,1.9917666299929946e-06,1.5852540822344667e-06,5.91160160484353e-06,1.1136735278565566e-06,1.712906786033747e-07,0.0,0.0,0.0,0.0,0.0,0.0,0.0,0.0,0.0,0.0,0.0,0.41619669542774423,0.41598816469260125,-0.0002063607742172069,-1.0300873477321918e-06,0.41598383102119757,-0.0002106944456208848,-1.0504105053296242e-06,0.44074074074074077,0.0832389050933637
24,hybrid,0.1,0.5,0.2,0.1,4.37206329852368e-06,3.549043766255766e-06,1.972535077772768e-06,1.576508688482997e-06,5.854379233885032e-06,1.1023086533403154e-06,1.711987821134968e-07,0.0,0.0,0.0,0.0,0.0,0.0,0.0,0.0,0.0,0.0,0.0,0.4148434143803025,0.41475330181926756,-0.00021119828175408806,-1.0476847567336884e-06,0.41474903653919637,-0.00021546356182527981,-1.067527426772309e-06,0.44074074074074077,0.08299290002020433
25,hybrid,0.1,0.5,0.2,0.1,4.3415067145437344e-06,3.52595483234108e-06,1.958161714682808e-06,1.5677931176582723e-06,5.8008135823494095e-06,1.0918005805933829e-06,1.7110407849037102e-07,0.0,0.0,0.0,0.0,0.0,0.0,0.0,0.0,0.0,0.0,0.0,0.4136095833669211,0.4135311234729628,-0.0002162442388618513,-1.0659309856027007e-06,0.4135269578874476,-0.0002204098243770436,-1.0851588050633451e-06,0.44074074074074077,0.08274947354236493
26,hybrid,0.1,0.5,0.2,0.1,4.307954527482811e-06,3.5004423008774987e-06,1.9433609788054432e-06,1.557081322072056e-06,5.743320511128608e-06,1.080394887470302e-06,1.7101197998390937e-07,0.0,0.0,0.0,0.0,0.0,0.0,0.0,0.0,0.0,0.0,0.0,0.41233130764719794,0.4123254843393709,-0.00022113156050956873,-1.0830417292161142e-06,0.41232135925828034,-0.00022525664160011338,-1.1019463607623398e-06,0.45925925925925926,0.0825093231799761
27,hybrid,0.1,0.5,0.2,0.1,4.276607974979228e-06,3.477604849597634e-06,1.928724704372352e-06,1.5488801452252824e-06,5.682013523529607e-06,1.0685487333619891e-06,1.7092026356235216e-07,0.0,0.0,0.0,0.0,0.0,0.0,0.0,0.0,0.0,0.0,0.0,0.41104818326798576,0.4111326964545504,-0.0002258534463929207,-1.0990670995500483e-06,0.411128569932421,-0.00022997996852236469,-1.117856966180279e-06,0.46296296296296297,0.08227170998018866
28,hybrid,0.1,0.5,0.2,0.1,4.2458825839774315e-06,3.4536758277604617e-06,1.9156716303368565e-06,1.5380041974236052e-06,5.632948412539021e-06,1.0591435343049436e-06,1.7083208102078286e-07,0.0,0.0,0.0,0.0,0.0,0.0,0.0,0.0,0.0,0.0,0.0,0.4098810637648609,0.40995792148058036,-0.0002306737895260702,-1.115103159685728e-06,0.40995375779627197,-0.0002348374738344594,-1.1339608922543865e-06,0.4703703703703704,0.08203771905402128
29,hybrid,0.1,0.5,0.2,0.1,4.219020003642635e-06,3.4348222306782605e-06,1.9004436410083018e-06,1.5343785896699588e-06,5.575182573174256e-06,1.0480297383548357e-06,1.707356797598182e-07,0.0,0.0,0.0,0.0,0.0,0.0,0.0,0.0,0.0,0.0,0.0,0.4088047592035922,0.4087954361160209,-0.0002360068675723026,-1.1334542280371862e-06,0.40879134563946784,-0.00024009734412538952,-1.151831984276655e-06,0.4703703703703704,0.08180628859671864
30,hybrid,0.1,0.5,0.2,0.1,4.186569776414219e-06,3.4088336351825106e-06,1.8869780995606178e-06,1.5218555356218928e-06,5.528659543846858e-06,1.0390218364254453e-06,1.7065819561933613e-07,0.0,0.0,0.0,0.0,0.0,0.0,0.0,0.0,0.0,0.0,0.0,0.4075410386010144,0.4076534621467752,-0.00024131455782033795,-1.1513362323588934e-06,0.40764943725129826,-0.00024533945329729967,-1.1692824902549855e-06,0.4740740740740741,0.08157895534091911
31,hybrid,0.1,0.5,0.2,0.1,4.1569910321929726e-06,3.387015237936222e-06,1.874188724836105e-06,1.5128265131001175e-06,5.472714521907182e-06,1.0282361029925359e-06,1.7057121467525134e-07,0.0,0.0,0.0,0.0,0.0,0.0,0.0,0.0,0.0,0.0,0.0,0.4063100901583746,0.40651929607100334,-0.0002465518475917583,-1.1685517314754612e-06,0.40651530216145154,-0.000250545757143561,-1.1862562912041594e-06,0.4777777777777778,0.08135316958371902
32,hybrid,0.1,0.5,0.2,0.1,4.1275375482231425e-06,3.3641256691460958e-06,1.8593111885227723e-06,1.5048144806233237e-06,5.42576890580803e-06,1.0189339948830187e-06,1.7048189519639975e-07,0.0,0.0,0.0,0.0,0.0,0.0,0.0,0.0,0.0,0.0,0.0,0.4052844588261415,0.40539944108867826,-0.00025184549458884264,-1.1859200835591562e-06,0.40539548355774263,-0.0002558030255244703,-1.203329259887037e-06,0.4777777777777778,0.08113025731665342
33,hybrid,0.1,0.5,0.2,0.1,4.106733344792234e-06,3.350135346044203e-06,1.8489923564321725e-06,1.5011429896120301e-06,5.376114687685532e-06,1.0097347689364262e-06,1.7039576192193598e-07,0.0,0.0,0.0,0.0,0.0,0.0,0.0,0.0,0.0,0.0,0.0,0.40409734702992794,0.4042903275123103,-0.0002572664235209188,-1.2035802387272865e-06,0.40428642613581417,-0.0002611678000170592,-1.2206186655996714e-06,0.4777777777777778,0.08090951878716625
34,hybrid,0.1,0.5,0.2,0.1,4.076488043863837e-06,3.32697600835275e-06,1.8362206288640343e-06,1.4907553794887158e-06,5.324957021803558e-06,9.999265680959728e-07,1.703101971153677e-07,0.0,0.0,0.0,0.0,0.0,0.0,0.0,0.0,0.0,0.0,0.0,0.40305542612090306,0.403194840868793,-0.00026266036170463636,-1.2208926343457984e-06,0.40319099094729605,-0.0002665102832015709,-1.2375880982683414e-06,0.48148148148148145,0.08069150024609952
35,hybrid,0.1,0.5,0.2,0.1,4.045716009899753e-06,3.302125658803357e-06,1.8210373843010053e-06,1.4810882745023517e-06,5.282732758822523e-06,9.914706442313018e-07,1.7022946367883885e-07,0.0,0.0,0.0,0.0,0.0,0.0,0.0,0.0,0.0,0.0,0.0,0.4018116790448607,0.40211040553935223,-0.0002678864363473421,-1.2373114314940799e-06,0.40210654435321425,-0.0002717476224853299,-1.2539252892293203e-06,0.4925925925925926,0.08047565839513991
36,hybrid,0.1,0.5,0.2,0.1,4.021964623237377e-06,3.284082529211704e-06,1.809902900259597e-06,1.4741796289521072e-06,5.241299373919238e-06,9.836848147659035e-07,1.7015193680568785e-07,0.0,0.0,0.0,0.0,0.0,0.0,0.0,0.0,0.0,0.0,0.0,0.40064483852282146,0.40104179971899967,-0.0002732274144667257,-1.253949301094733e-06,0.4010379640820605,-0.00027706305140590137,-1.2703515034468934e-06,0.5037037037037037,0.08026300542669329
37,hybrid,0.1,0.5,0.2,0.1,4.0003650875621215e-06,3.2690897636411404e-06,1.7989303484138942e-06,1.4701594152272464e-06,5.1930734566160925e-06,9.748075650836892e-07,1.7006465242633597e-07,0.0,0.0,0.0,0.0,0.0,0.0,0.0,0.0,0.0,0.0,0.0,0.3996245121893132,0.3999861632503019,-0.000278825816092787,-1.271567415999747e-06,0.3999823952199192,-0.00028259384647549846,-1.2875674638911333e-06,0.5111111111111111,0.08005299781327894
38,hybrid,0.1,0.5,0.2,0.1,3.975437468465638e-06,3.2504253120860744e-06,1.789181198925655e-06,1.4612441131604195e-06,5.147603015384233e-06,9.662672872362944e-07,1.6998397393882027e-07,0.0,0.0,0.0,0.0,0.0,0.0,0.0,0.0,0.0,0.0,0.0,0.39850541901605074,0.398942168746866,-0.0002839596258024102,-1.2868239189333514e-06,0.3989383503119757,-0.0002877780606926894,-1.3029846690508409e-06,0.5185185185185185,0.07984522567453368
39,hybrid,0.1,0.5,0.2,0.1,3.953810632000368e-06,3.23487243036526e-06,1.778427891641852e-06,1.4564445387234078e-06,5.1034724517211194e-06,9.58004609818326e-07,1.699003449933104e-07,0.0,0.0,0.0,0.0,0.0,0.0,0.0,0.0,0.0,0.0,0.0,0.39748372813635774,0.3979069339969612,-0.0002894904443999091,-1.3036877325343032e-06,0.3979031609227079,-0.00029326351865321953,-1.3195792541226465e-06,0.5222222222222223,0.07963928488827222
40,hybrid,0.1,0.5,0.2,0.1,3.9306853810831275e-06,3.216561071399658e-06,1.7658093643439464e-06,1.4507517070557119e-06,5.068871612385033e-06,9.512722344101013e-07,1.6982701562945247e-07,0.0,0.0,0.0,0.0,0.0,0.0,0.0,0.0,0.0,0.0,0.0,0.3965440726401589,0.3968900560250054,-0.0002953890775235224,-1.3221424720283954e-06,0.3968864163888115,-0.0002990287137173975,-1.337353678192057e-06,0.5370370370370371,0.07943708902050578
41,hybrid,0.1,0.5,0.2,0.1,3.909319020241371e-06,3.2007843411101344e-06,1.756516837534722e-06,1.4442675035754122e-06,5.028111617406815e-06,9.437452505565106e-07,1.697446727925308e-07,0.0,0.0,0.0,0.0,0.0,0.0,0.0,0.0,0.0,0.0,0.0,0.3955157749294155,0.39587860705753186,-0.0003011274145288678,-1.339671169008278e-06,0.3958750482542202,-0.00030468621784052186,-1.354443919492841e-06,0.5481481481481482,0.07923594689441214
42,hybrid,0.1,0.5,0.2,0.1,3.887932470817655e-06,3.184940898223469e-06,1.746452368462074e-06,1.4384885297613948e-06,4.987629012934153e-06,9.363081871481517e-07,1.6967033871141246e-07,0.0,0.0,0.0,0.0,0.0,0.0,0.0,0.0,0.0,0.0,0.0,0.39442635853009855,0.3948839757212603,-0.000307073320415574,-1.3579432594908137e-06,0.3948805627942545,-0.0003104862474214154,-1.3720107904285548e-06,0.5481481481481482,0.07903820980833517
43,hybrid,0.1,0.5,0.2,0.1,3.864461502103713e-06,3.167218390540309e-06,1.7380757709035702e-06,1.4291426196367387e-06,4.9456415425055955e-06,9.286001069312676e-07,1.6958935926590914e-07,0.0,0.0,0.0,0.0,0.0,0.0,0.0,0.0,0.0,0.0,0.0,0.3934461430620178,0.3939036755637778,-0.0003127365695896889,-1.37471280967224e-06,0.3939002846224106,-0.0003161275109568873,-1.3886186813569126e-06,0.562962962962963,0.0788432824266735
44,hybrid,0.1,0.5,0.2,0.1,3.843657958437613e-06,3.1521716510663386e-06,1.7270097434826817e-06,1.4251619075836566e-06,4.90394299294051e-06,9.20705550866614e-07,1.6950897903901112e-07,0.0,0.0,0.0,0.0,0.0,0.0,0.0,0.0,0.0,0.0,0.0,0.3922674497134214,0.3929273072909255,-0.00031869328858735724,-1.39276423740821e-06,0.3929240652336735,-0.00032193534583935257,-1.4059425677309017e-06,0.5777777777777777,0.07864920011590257
45,hybrid,0.1,0.5,0.2,0.1,3.820133936255728e-06,3.133396776122903e-06,1.7170316950532984e-06,1.416365081069605e-06,4.869316090049055e-06,9.14307003816557e-07,1.694415036460816e-07,0.0,0.0,0.0,0.0,0.0,0.0,0.0,0.0,0.0,0.0,0.0,0.3914145432211159,0.39196600684680827,-0.0003240924546212276,-1.4081976187053328e-06,0.39196269395923466,-0.00032740534219483086,-1.421609467032464e-06,0.5814814814814815,0.0784580198602859
46,hybrid,0.1,0.5,0.2,0.1,3.8031860855640415e-06,3.1209517074842755e-06,1.7087905732815515e-06,1.4121611342027238e-06,4.836364963199751e-06,9.083065604474368e-07,1.6936569670304385e-07,0.0,0.0,0.0,0.0,0.0,0.0,0.0,0.0,0.0,0.0,0.0,0.3904384831400117,0.39101406199578553,-0.00033010701830088474,-1.4261142225092548e-06,0.39101085297591437,-0.000333316038172049,-1.4390145367659942e-06,0.5962962962962963,0.0782688338028173
47,hybrid,0.1,0.5,0.2,0.1,3.784378419749182e-06,3.1076510110449683e-06,1.7001309978190128e-06,1.4075200132259553e-06,4.796312499781011e-06,9.00836438589659e-07,1.6928871008180608e-07,0.0,0.0,0.0,0.0,0.0,0.0,0.0,0.0,0.0,0.0,0.0,0.38946554310192105,0.39007433421542853,-0.0003359862078692877,-1.443407720559957e-06,0.39007119234141713,-0.00033912808188069077,-1.4559313609376241e-06,0.6111111111111112,0.07808206408465956
48,hybrid,0.1,0.5,0.2,0.1,3.762553545634372e-06,3.0911859318135337e-06,1.6905347748253437e-06,1.40065115698819e-06,4.7567058639060215e-06,8.938776166358714e-07,1.6921504103061448e-07,0.0,0.0,0.0,0.0,0.0,0.0,0.0,0.0,0.0,0.0,0.0,0.3884263191773631,0.3891434889960039,-0.0003415138687113406,-1.4590215135516966e-06,0.3891403190300106,-0.0003446838347045955,-1.4716114651802876e-06,0.6111111111111112,0.07789700057294303
49,hybrid,0.1,0.5,0.2,0.1,3.7456133730875924e-06,3.0784384372608138e-06,1.6820677267656077e-06,1.3963707104952067e-06,4.726232947509516e-06,8.881869041937376e-07,1.6914260237079196e-07,0.0,0.0,0.0,0.0,0.0,0.0,0.0,0.0,0.0,0.0,0.0,0.38761385018368644,0.3882208502281211,-0.00034752209649691057,-1.4766630971142834e-06,0.38821779204054924,-0.00035058028406875774,-1.4886980265614753e-06,0.6148148148148148,0.0777136744649236
50,hybrid,0.1,0.5,0.2,0.1,3.726980790019681e-06,3.064197562961144e-06,1.6733422221929179e-06,1.3908553407682262e-06,4.69424693535829e-06,8.82255866778531e-07,1.6907360167001204e-07,0.0,0.0,0.0,0.0,0.0,0.0,0.0,0.0,0.0,0.0,0.0,0.3866702029635332,0.3873043624607262,-0.0003534212817857818,-1.4936396191737953e-06,0.38730137447260937,-0.00035640926990260224,-1.5053530027423867e-06,0.6148148148148148,0.07753155674850239
51,hybrid,0.1,0.5,0.2,0.1,3.707220424666566e-06,3.048647592114082e-06,1.664775347749318e-06,1.3838722443647645e-06,4.663370503998333e-06,8.766750888426435e-07,1.690076438412164e-07,0.0,0.0,0.0,0.0,0.0,0.0,0.0,0.0,0.0,0.0,0.0,0.3856937192403266,0.38640586993014686,-0.0003593206100554469,-1.5103832371270685e-06,0.3864029327494913,-0.00036225779071102915,-1.5218808668040736e-06,0.6222222222222222,0.07735303810804046
52,hybrid,0.1,0.5,0.2,0.1,3.693130842100136e-06,3.038676822790531e-06,1.6575600653330367e-06,1.3811167574574938e-06,4.633174868520752e-06,8.712146858046356e-07,1.6893595296602655e-07,0.0,0.0,0.0,0.0,0.0,0.0,0.0,0.0,0.0,0.0,0.0,0.3848507118531982,0.3855156786600353,-0.0003650442394882436,-1.526424949381197e-06,0.38551271166819695,-0.00036801123132657043,-1.5379986231448114e-06,0.6333333333333333,0.07717614457990471
53,hybrid,0.1,0.5,0.2,0.1,3.6761349065366073e-06,3.0260789315982437e-06,1.6506856104197093e-06,1.3753933211785353e-06,4.600729032093694e-06,8.654803344101858e-07,1.6887004846956462e-07,0.0,0.0,0.0,0.0,0.0,0.0,0.0,0.0,0.0,0.0,0.0,0.38369709586524103,0.3846316341494518,-0.00037059845049614015,-1.5416333125437692e-06,0.3846285611997841,-0.00037367140016381084,-1.5536269167006306e-06,0.6333333333333333,0.07700044651998958
54,hybrid,0.1,0.5,0.2,0.1,3.6574408873103754e-06,3.012030538170635e-06,1.64255279298032e-06,1.369477745190315e-06,4.566726723268221e-06,8.592917525029389e-07,1.6879326312331047e-07,0.0,0.0,0.0,0.0,0.0,0.0,0.0,0.0,0.0,0.0,0.0,0.38301647012734774,0.3837588927358864,-0.00037660287819307747,-1.5586382675034397e-06,0.3837558702189948,-0.00037962539508468174,-1.5703751753522654e-06,0.6370370370370371,0.0768270991228159
55,hybrid,0.1,0.5,0.2,0.1,3.6437781624760964e-06,3.0022720026430707e-06,1.6362182241747555e-06,1.3660537784683156e-06,4.537882574275517e-06,8.542239517995145e-07,1.6873112045570925e-07,0.0,0.0,0.0,0.0,0.0,0.0,0.0,0.0,0.0,0.0,0.0,0.3821265864250208,0.3828932566659293,-0.0003825358003065604,-1.5751587230761568e-06,0.38289025133548654,-0.00038554113074934504,-1.5868307971189611e-06,0.6370370370370371,0.07665515849324718
56,hybrid,0.1,0.5,0.2,0.1,3.6264189480926546e-06,2.989429428900597e-06,1.6283792839706319e-06,1.3610501449299644e-06,4.504812932090794e-06,8.4821058667137e-07,1.6866108648705112e-07,0.0,0.0,0.0,0.0,0.0,0.0,0.0,0.0,0.0,0.0,0.0,0.38121932462408414,0.38204007575570553,-0.0003884621702438529,-1.5917208317104618e-06,0.38203708680970366,-0.0003914511162457224,-1.6032698937017663e-06,0.6370370370370371,0.07648570758518988
57,hybrid,0.1,0.5,0.2,0.1,3.613276024517143e-06,2.9794993327196177e-06,1.620942658736747e-06,1.3585566739828704e-06,4.481455510158471e-06,8.438600781243361e-07,1.6859125156811234e-07,0.0,0.0,0.0,0.0,0.0,0.0,0.0,0.0,0.0,0.0,0.0,0.3804736516222035,0.3811960562359389,-0.00039475239105973836,-1.609634967516464e-06,0.38119322558865737,-0.00039758303834125375,-1.620514338701866e-06,0.6370370370370371,0.07631816172539972
58,hybrid,0.1,0.5,0.2,0.1,3.5994626739641522e-06,2.969881365491065e-06,1.6146844345040564e-06,1.3551969309870082e-06,4.450280687163437e-06,8.385038800643535e-07,1.6852463743873092e-07,0.0,0.0,0.0,0.0,0.0,0.0,0.0,0.0,0.0,0.0,0.0,0.37955958143734203,0.38035811840669403,-0.00040078670591908727,-1.6265423289740615e-06,0.3803553759703269,-0.0004035291422861964,-1.6370248613078618e-06,0.6370370370370371,0.07615178102252262
59,hybrid,0.1,0.5,0.2,0.1,3.579820019939738e-06,2.954299216182013e-06,1.606122048739093e-06,1.3481771674429198e-06,4.420411420593049e-06,8.331675108966189e-07,1.6846159519096954e-07,0.0,0.0,0.0,0.0,0.0,0.0,0.0,0.0,0.0,0.0,0.0,0.3786016322260062,0.3795260165266918,-0.0004069793696973023,-1.6439728004662775e-06,0.3795234195808179,-0.0004095763155712029,-1.6538575391965055e-06,0.6407407407407407,0.07598659917927783
60,hybrid,0.1,0.5,0.2,0.1,3.5658147085486184e-06,2.9430883109948237e-06,1.601155532746466e-06,1.341932778248358e-06,4.400007902699344e-06,8.294235928623962e-07,1.6840888711380644e-07,0.0,0.0,0.0,0.0,0.0,0.0,0.0,0.0,0.0,0.0,0.0,0.3778000654582945,0.37871098722067065,-0.0004127765706544162,-1.6596076023174641e-06,0.3787082831768105,-0.00041548061451457396,-1.669926797290863e-06,0.6444444444444445,0.07582475275826502
61,hybrid,0.1,0.5,0.2,0.1,3.5526831873909963e-06,2.93437950081687e-06,1.5952340377437675e-06,1.3391454630731028e-06,4.367127312298695e-06,8.237878094370499e-07,1.683339345684721e-07,0.0,0.0,0.0,0.0,0.0,0.0,0.0,0.0,0.0,0.0,0.0,0.37712424721332805,0.37789506645580373,-0.00041896684621034463,-1.6768742855564835e-06,0.3778924172718844,-0.00042161603012969007,-1.686917696473592e-06,0.6444444444444445,0.07566280666040281
62,hybrid,0.1,0.5,0.2,0.1,3.537745074815387e-06,2.923144687638293e-06,1.587633535071281e-06,1.335511152567012e-06,4.339884395039932e-06,8.189251528916953e-07,1.6826917094760892e-07,0.0,0.0,0.0,0.0,0.0,0.0,0.0,0.0,0.0,0.0,0.0,0.3761063276782193,0.37708791336037784,-0.00042499470350398916,-1.6935145955262782e-06,0.3770853250434756,-0.0004275830204062414,-1.7032992259548665e-06,0.6481481481481481,0.07550258161277637
63,hybrid,0.1,0.5,0.2,0.1,3.527580571851274e-06,2.9155858142536543e-06,1.5816599712925717e-06,1.3339258429610823e-06,4.320719215018399e-06,8.155093943501629e-07,1.682095722574707e-07,0.0,0.0,0.0,0.0,0.0,0.0,0.0,0.0,0.0,0.0,0.0,0.3754111924530378,0.37629317233007914,-0.00043125888853356997,-1.7109595977126877e-06,0.3762907023631665,-0.00043372885544623596,-1.7202529065471353e-06,0.6592592592592592,0.07534488624372254
64,hybrid,0.1,0.5,0.2,0.1,3.5110591355903733e-06,2.9029069172873604e-06,1.5759818920194568e-06,1.3269250252679034e-06,4.292350793237675e-06,8.105117954976313e-07,1.6814779879718706e-07,0.0,0.0,0.0,0.0,0.0,0.0,0.0,0.0,0.0,0.0,0.0,0.3743733133928191,0.3755071679131273,-0.0004373891277428821,-1.7277659786230103e-06,0.3755047549794022,-0.0004398020614679865,-1.7368366513172487e-06,0.662962962962963,0.07518891140817405
65,hybrid,0.1,0.5,0.2,0.1,3.4967353079082863e-06,2.8918874507782113e-06,1.5699168940564726e-06,1.3219705567217387e-06,4.267814335281222e-06,8.062875167349509e-07,1.680892025496295e-07,0.0,0.0,0.0,0.0,0.0,0.0,0.0,0.0,0.0,0.0,0.0,0.3737312537607849,0.3747302043504593,-0.00044344376404537034,-1.7441695468971134e-06,0.3747277481313465,-0.00044589998315813784,-1.75338784194829e-06,0.6666666666666666,0.07503472962290093
66,hybrid,0.1,0.5,0.2,0.1,3.4851940213002447e-06,2.8839427603808723e-06,1.5645192098369608e-06,1.3194235505439117e-06,4.241122960998334e-06,8.016820449893587e-07,1.6802555821667138e-07,0.0,0.0,0.0,0.0,0.0,0.0,0.0,0.0,0.0,0.0,0.0,0.37299353132122287,0.3739568380258172,-0.0004494381694640226,-1.7604168282678214e-06,0.37395437564718487,-0.00045190054809635116,-1.7696312607725934e-06,0.6666666666666666,0.07488125523905624
67,hybrid,0.1,0.5,0.2,0.1,3.4722142872437306e-06,2.8739065837653167e-06,1.5574639891138961e-06,1.316442594651421e-06,4.219742321279742e-06,7.976845349511525e-07,1.679656436020944e-07,0.0,0.0,0.0,0.0,0.0,0.0,0.0,0.0,0.0,0.0,0.0,0.3720495152803248,0.3731870910047203,-0.00045570533482963693,-1.7777763285640492e-06,0.37318475638622906,-0.00045803995332088787,-1.7864641168566947e-06,0.6666666666666666,0.07472855926790999
68,hybrid,0.1,0.5,0.2,0.1,3.459968072273828e-06,2.8644957258393193e-06,1.553793586771034e-06,1.3107021390682849e-06,4.19849463920828e-06,7.941602673120669e-07,1.679082905126745e-07,0.0,0.0,0.0,0.0,0.0,0.0,0.0,0.0,0.0,0.0,0.0,0.3712609196513709,0.372430511890594,-0.0004618658036583678,-1.7945461137455917e-06,0.37242821854723773,-0.0004641591470146422,-1.803061917785172e-06,0.6666666666666666,0.07457847553885047
69,hybrid,0.1,0.5,0.2,0.1,3.4502256573809978e-06,2.8578498184966024e-06,1.5483967277500074e-06,1.3094530907465947e-06,4.17537869183228e-06,7.902632998496981e-07,1.6785309731227674e-07,0.0,0.0,0.0,0.0,0.0,0.0,0.0,0.0,0.0,0.0,0.0,0.3706514410828067,0.3716815800054453,-0.00046791601667744986,-1.8108260925235814e-06,0.3716792923988134,-0.00047020362330935095,-1.8193508040147068e-06,0.6703703703703704,0.07442989920442455
70,hybrid,0.1,0.5,0.2,0.1,3.4357226995594173e-06,2.8469217386563617e-06,1.5434462009597976e-06,1.3034755376965637e-06,4.14902499623163e-06,7.856019544186626e-07,1.677807039616004e-07,0.0,0.0,0.0,0.0,0.0,0.0,0.0,0.0,0.0,0.0,0.0,0.3696618305218314,0.3709387300300481,-0.00047406663515975334,-1.8276501208818602e-06,0.37093653205900884,-0.00047626460619903943,-1.8357475422628444e-06,0.6666666666666666,0.07428255933304158
71,hybrid,0.1,0.5,0.2,0.1,3.4256820991083783e-06,2.8398797293635027e-06,1.5395727767937905e-06,1.3003069525697123e-06,4.125967459277989e-06,7.821657695545515e-07,1.6772469906166532e-07,0.0,0.0,0.0,0.0,0.0,0.0,0.0,0.0,0.0,0.0,0.0,0.36908420556383675,0.37019506418065334,-0.00047995210891305096,-1.8433195973905606e-06,0.37019282233425954,-0.00048219395530685327,-1.8515679491338285e-06,0.6666666666666666,0.07413500325791328
72,hybrid,0.1,0.5,0.2,0.1,3.4177788325172945e-06,2.834003821380527e-06,1.533377159349194e-06,1.3006266620313328e-06,4.111538920858816e-06,7.792711844163951e-07,1.6766882167606912e-07,0.0,0.0,0.0,0.0,0.0,0.0,0.0,0.0,0.0,0.0,0.0,0.3682647800569757,0.3694666199486286,-0.0004866169778761642,-1.86183901907137e-06,0.3694646464099591,-0.0004885905165457061,-1.869063715935189e-06,0.6703703703703704,0.07399064738530095
73,hybrid,0.1,0.5,0.2,0.1,3.4017048736660756e-06,2.821433900045045e-06,1.5286190711723434e-06,1.2928148288727022e-06,4.085441325600404e-06,7.748280402477477e-07,1.6761233011440322e-07,0.0,0.0,0.0,0.0,0.0,0.0,0.0,0.0,0.0,0.0,0.0,0.36755820435878733,0.3687483784746372,-0.0004927418653415949,-1.878303936390783e-06,0.36874638898132417,-0.000494731358654632,-1.8855327565955936e-06,0.674074074074074,0.07384822406799575
74,hybrid,0.1,0.5,0.2,0.1,3.3947043747242867e-06,2.8169761100664076e-06,1.5236535358367354e-06,1.2933225742296725e-06,4.066131324274312e-06,7.71797769010795e-07,1.675557842828803e-07,0.0,0.0,0.0,0.0,0.0,0.0,0.0,0.0,0.0,0.0,0.0,0.36680845665763523,0.3680342499819588,-0.0004989935982854243,-1.8951016030925518e-06,0.3680323356900559,-0.0005009078901883623,-1.9020931618473464e-06,0.6703703703703704,0.07370664871604884
75,hybrid,0.1,0.5,0.2,0.1,3.381670967048365e-06,2.807000664102889e-06,1.5205382575452443e-06,1.2864624065576449e-06,4.043602710746722e-06,7.678008953195494e-07,1.6749852806894164e-07,0.0,0.0,0.0,0.0,0.0,0.0,0.0,0.0,0.0,0.0,0.0,0.3659396853290026,0.3673196453639878,-0.0005051300211881826,-1.911607805913675e-06,0.36731776011419837,-0.0005070152709776288,-1.918460572553082e-06,0.674074074074074,0.0735649550770352
76,hybrid,0.1,0.5,0.2,0.1,3.3711065634671293e-06,2.7985840372477595e-06,1.5155016695108004e-06,1.2830823677369586e-06,4.027716864522749e-06,7.650296795134703e-07,1.6744903864400972e-07,0.0,0.0,0.0,0.0,0.0,0.0,0.0,0.0,0.0,0.0,0.0,0.36536280616432276,0.36661719229316503,-0.0005112653871435224,-1.9279961048029003e-06,0.366615288871795,-0.0005131688085135422,-1.9349191949174322e-06,0.6777777777777778,0.07342569153606171
77,hybrid,0.1,0.5,0.2,0.1,3.3600920888128386e-06,2.790252817832216e-06,1.509961733507124e-06,1.2802910843250922e-06,4.007646619032636e-06,7.61674462078232e-07,1.673971666171269e-07,0.0,0.0,0.0,0.0,0.0,0.0,0.0,0.0,0.0,0.0,0.0,0.3648010536570042,0.3659218481762359,-0.0005174846899800301,-1.9445855637731228e-06,0.36591995100008284,-0.0005193818661330951,-1.9515092952428962e-06,0.674074074074074,0.0732878665732432
78,hybrid,0.1,0.5,0.2,0.1,3.3524357361390857e-06,2.785099613682951e-06,1.5059314110840242e-06,1.2791682025989266e-06,3.989167201358839e-06,7.58427949912547e-07,1.673381233774183e-07,0.0,0.0,0.0,0.0,0.0,0.0,0.0,0.0,0.0,0.0,0.0,0.3640600102604352,0.3652333410946928,-0.0005240217963968785,-1.9623170859053764e-06,0.3652316268569854,-0.0005257360341042738,-1.9685911014754166e-06,0.6777777777777778,0.07315147257821794
79,hybrid,0.1,0.5,0.2,0.1,3.3423653923745633e-06,2.7776392622862266e-06,1.5020033674204983e-06,1.2756358948657283e-06,3.969317124788576e-06,7.553289410077887e-07,1.672862940792136e-07,0.0,0.0,0.0,0.0,0.0,0.0,0.0,0.0,0.0,0.0,0.0,0.363307876444979,0.3645484707218791,-0.0005304039039386033,-1.979503531634292e-06,0.3645468485057456,-0.0005320261200721377,-1.9854344874165606e-06,0.6777777777777778,0.07301577492516355
80,hybrid,0.1,0.5,0.2,0.1,3.3340504619429075e-06,2.771945386630907e-06,1.498655474352381e-06,1.273289912278526e-06,3.949906020076661e-06,7.519580719438219e-07,1.6722858915569902e-07,0.0,0.0,0.0,0.0,0.0,0.0,0.0,0.0,0.0,0.0,0.0,0.3625375159551154,0.3638748013144176,-0.000536814841104849,-1.9967270737065654e-06,0.36387335175895136,-0.0005382643965710643,-2.0020816492344372e-06,0.6777777777777778,0.07288232323110448
81,hybrid,0.1,0.5,0.2,0.1,3.3252828987636355e-06,2.7652539808147487e-06,1.4949778898376932e-06,1.270276090977056e-06,3.9341265131113095e-06,7.494940290576895e-07,1.6717460826217096e-07,0.0,0.0,0.0,0.0,0.0,0.0,0.0,0.0,0.0,0.0,0.0,0.36188832806131443,0.3632083299209481,-0.0005431461082872069,-2.013740964620426e-06,0.3632069942506115,-0.0005444817786238176,-2.018664332111139e-06,0.6777777777777778,0.07275029520584705
82,hybrid,0.1,0.5,0.2,0.1,3.3161334092323283e-06,2.758906994537028e-06,1.4911384509994166e-06,1.2677685435376113e-06,3.913389857714728e-06,7.45876389126922e-07,1.6712151098443122e-07,0.0,0.0,0.0,0.0,0.0,0.0,0.0,0.0,0.0,0.0,0.0,0.3612277501018935,0.36254001858259766,-0.0005496339417637719,-2.0311900175782726e-06,0.3625388161489076,-0.0005508363754538337,-2.0356283879295308e-06,0.6777777777777778,0.0726179305048723
83,hybrid,0.1,0.5,0.2,0.1,3.3061301371517306e-06,2.751189822731249e-06,1.4887886264443777e-06,1.262401196286872e-06,3.896054997523035e-06,7.431423028333065e-07,1.670635410151682e-07,0.0,0.0,0.0,0.0,0.0,0.0,0.0,0.0,0.0,0.0,0.0,0.3605327445356895,0.3618717384769867,-0.0005558317300069504,-2.0477987813048563e-06,0.36187059080485645,-0.0005569794021372254,-2.0519446107844876e-06,0.6814814814814815,0.07248551404139873
84,hybrid,0.1,0.5,0.2,0.1,3.2999674228121474e-06,2.7469366018691956e-06,1.4851605807246093e-06,1.261776021144586e-06,3.881748672918569e-06,7.407732033971933e-07,1.670131297165637e-07,0.0,0.0,0.0,0.0,0.0,0.0,0.0,0.0,0.0,0.0,0.0,0.35981081716808505,0.36121613421569587,-0.0005623058359387478,-2.065341761683611e-06,0.3612151974990873,-0.000563242552547305,-2.0686648861062223e-06,0.674074074074074,0.07235568801032694
85,hybrid,0.1,0.5,0.2,0.1,3.2875043338077008e-06,2.736168422523526e-06,1.4806586390552664e-06,1.2555097834682596e-06,3.869278904138056e-06,7.385483116216429e-07,1.6698358546040713e-07,0.0,0.0,0.0,0.0,0.0,0.0,0.0,0.0,0.0,0.0,0.0,0.3591278953880579,0.3605699219242044,-0.0005682455437184819,-2.0807589291570476e-06,0.36056880409332676,-0.0005693633745961213,-2.084771864846414e-06,0.674074074074074,0.07222763349358458
86,hybrid,0.1,0.5,0.2,0.1,3.2802914268743093e-06,2.7316948024856582e-06,1.4769809159254768e-06,1.2547138865601814e-06,3.848773933645439e-06,7.351357256234633e-07,1.669208589941407e-07,0.0,0.0,0.0,0.0,0.0,0.0,0.0,0.0,0.0,0.0,0.0,0.35843813964541293,0.3599189019613222,-0.0005744858882561488,-2.097377000077915e-06,0.3599178265008463,-0.0005755613487320455,-2.1012429036769485e-06,0.6777777777777778,0.07209867756991567
87,hybrid,0.1,0.5,0.2,0.1,3.271180508366894e-06,2.724913884034694e-06,1.4735771229691577e-06,1.2513367610655362e-06,3.831180254158292e-06,7.323080519945381e-07,1.6686988517463328e-07,0.0,0.0,0.0,0.0,0.0,0.0,0.0,0.0,0.0,0.0,0.0,0.3579347708484325,0.35927618245553333,-0.0005807977509460494,-2.1141890152347794e-06,0.3592751896382385,-0.0005817905682408697,-2.117744615360846e-06,0.6814814814814815,0.07197139604129588
88,hybrid,0.1,0.5,0.2,0.1,3.264886901975442e-06,2.72003440980264e-06,1.469436778165298e-06,1.2505976316373418e-06,3.820893512791849e-06,7.304050185098679e-07,1.6682137191643677e-07,0.0,0.0,0.0,0.0,0.0,0.0,0.0,0.0,0.0,0.0,0.0,0.3572542776948589,0.35864734912115404,-0.0005874697920017491,-2.132251358593566e-06,0.3586466661526402,-0.0005881527605156034,-2.1347257037246966e-06,0.6814814814814815,0.07184696378263115
89,hybrid,0.1,0.5,0.2,0.1,3.255816840797139e-06,2.713498352027748e-06,1.4683884284400452e-06,1.245109923587703e-06,3.801164765548403e-06,7.276217193775877e-07,1.6677668339032453e-07,0.0,0.0,0.0,0.0,0.0,0.0,0.0,0.0,0.0,0.0,0.0,0.3565549981127252,0.35801876654905,-0.0005933203088712147,-2.147279529186234e-06,0.3580178160104985,-0.0005942708474227509,-2.15073525694086e-06,0.6851851851851852,0.07172241737158425
90,hybrid,0.1,0.5,0.2,0.1,3.2478888386773733e-06,2.7075608578048133e-06,1.4649750517451027e-06,1.2425858060597105e-06,3.7864364582275226e-06,7.250597226892562e-07,1.6672390511956842e-07,0.0,0.0,0.0,0.0,0.0,0.0,0.0,0.0,0.0,0.0,0.0,0.3560056727560027,0.3573868289148629,-0.0005994982396666515,-2.1636214290117776e-06,0.357385865185418,-0.0006004619691115654,-2.1671125513138853e-06,0.6851851851851852,0.07159726543090592
91,hybrid,0.1,0.5,0.2,0.1,3.2429658703666384e-06,2.7040278527670346e-06,1.4616621070323886e-06,1.242365745734646e-06,3.7761105888134396e-06,7.232967591157282e-07,1.6667606895113527e-07,0.0,0.0,0.0,0.0,0.0,0.0,0.0,0.0,0.0,0.0,0.0,0.35541843288173014,0.3567697909065211,-0.0006058268039249581,-2.1803872989605987e-06,0.3567688732007281,-0.0006067445097179824,-2.1837219844169156e-06,0.6851851851851852,0.07147512354208921
92,hybrid,0.1,0.5,0.2,0.1,3.2312623655917847e-06,2.6946124877272164e-06,1.4585546985201361e-06,1.2360577892070805e-06,3.7590198644334623e-06,7.204226971032088e-07,1.666335200058002e-07,0.0,0.0,0.0,0.0,0.0,0.0,0.0,0.0,0.0,0.0,0.0,0.35465888124691763,0.3561610729069884,-0.0006120196886626461,-2.1967199867400315e-06,0.3561601871560795,-0.0006129054395715428,-2.1999905035193033e-06,0.6851851851851852,0.07135461851913022
93,hybrid,0.1,0.5,0.2,0.1,3.226063448910477e-06,2.6916371213810882e-06,1.4566321041315564e-06,1.2350050172495318e-06,3.7420427648371024e-06,7.178224839837065e-07,1.6657554248937143e-07,0.0,0.0,0.0,0.0,0.0,0.0,0.0,0.0,0.0,0.0,0.0,0.35402858732551934,0.3555530457138642,-0.0006181637177541943,-2.212914783498597e-06,0.3555521693861379,-0.0006190400454805234,-2.2161363919879075e-06,0.6851851851851852,0.07123424188632367
94,hybrid,0.1,0.5,0.2,0.1,3.2170389173229414e-06,2.684284435752969e-06,1.4526008885266088e-06,1.2316835472263602e-06,3.7298835973349145e-06,7.155626651546469e-07,1.6653588805552022e-07,0.0,0.0,0.0,0.0,0.0,0.0,0.0,0.0,0.0,0.0,0.0,0.3533179850493651,0.3549463423257678,-0.0006246477432504949,-2.2302779148070367e-06,0.35494559773093465,-0.0006253923380836746,-2.2330166231695602e-06,0.6851851851851852,0.07111419801380366
95,hybrid,0.1,0.5,0.2,0.1,3.2131910423909306e-06,2.681461780110637e-06,1.4513170037096306e-06,1.2301447764010065e-06,3.722123903612431e-06,7.14337634635971e-07,1.6649344991855664e-07,0.0,0.0,0.0,0.0,0.0,0.0,0.0,0.0,0.0,0.0,0.0,0.35297066742824346,0.3543479795504052,-0.0006309314496176222,-2.246990044026706e-06,0.35434729693589945,-0.0006316140641233758,-2.2495112556763694e-06,0.6888888888888889,0.07099578220000456
96,hybrid,0.1,0.5,0.2,0.1,3.20498351908755e-06,2.6754402555960205e-06,1.4474970455017877e-06,1.2279432100942332e-06,3.7052992809904685e-06,7.118453314896176e-07,1.6644269094558795e-07,0.0,0.0,0.0,0.0,0.0,0.0,0.0,0.0,0.0,0.0,0.0,0.35232627518268045,0.3537527119162049,-0.0006373842220422921,-2.2642057225414638e-06,0.3537521610211775,-0.0006379351170696657,-2.2662617524186308e-06,0.6888888888888889,0.07087801922764944
97,hybrid,0.1,0.5,0.2,0.1,3.1967729624351577e-06,2.6691503483973276e-06,1.446273510793885e-06,1.2228768376034425e-06,3.6906699291376163e-06,7.095786924360618e-07,1.6639882636855868e-07,0.0,0.0,0.0,0.0,0.0,0.0,0.0,0.0,0.0,0.0,0.0,0.3516702728794009,0.3531653836401462,-0.0006435257961840413,-2.280305185304015e-06,0.3531647615455607,-0.000644147890769553,-2.282604716986273e-06,0.6888888888888889,0.07076178188726605
98,hybrid,0.1,0.5,0.2,0.1,3.1894297909165114e-06,2.6639194536452593e-06,1.4431596647228683e-06,1.2207597889223908e-06,3.674949114812273e-06,7.06902450265472e-07,1.6634935736930994e-07,0.0,0.0,0.0,0.0,0.0,0.0,0.0,0.0,0.0,0.0,0.0,0.35084264341245747,0.35258880603266946,-0.0006500924305881117,-2.297768000226032e-06,0.35258839719501245,-0.0006505012682451183,-2.2993755310047703e-06,0.6888888888888889,0.07064777969265151
99,hybrid,0.1,0.5,0.2,0.1,3.183230431363396e-06,2.6589588953250793e-06,1.4397857257334068e-06,1.219173169591673e-06,3.665832278226261e-06,7.052863967415145e-07,1.663102886738742e-07,0.0,0.0,0.0,0.0,0.0,0.0,0.0,0.0,0.0,0.0,0.0,0.35027002819699093,0.3520096042597788,-0.0006565256650432061,-2.3148820312671485e-06,0.35200938216443833,-0.000656747760383658,-2.3159255586568104e-06,0.6888888888888889,0.0705332259849644
100,hybrid,0.1,0.5,0.2,0.1,3.1767843505974416e-06,2.6543686284370907e-06,1.4380894662384848e-06,1.2162791621986058e-06,3.6516775366098328e-06,7.03108365199492e-07,1.6626295459468524e-07,0.0,0.0,0.0,0.0,0.0,0.0,0.0,0.0,0.0,0.0,0.0,0.34970524691260463,0.3514351108223981,-0.0006629585293956297,-2.331967815709466e-06,0.3514350105148336,-0.0006630588369601065,-2.3326151274414056e-06,0.6925925925925925,0.07041961387035875
101,hybrid,0.1,0.5,0.2,0.1,3.1709181079843566e-06,2.6503594362523357e-06,1.4352901548219122e-06,1.215069281430424e-06,3.6375008072989327e-06,7.009354872232552e-07,1.6621493557476354e-07,0.0,0.0,0.0,0.0,0.0,0.0,0.0,0.0,0.0,0.0,0.0,0.3491893047843302,0.3508634361602162,-0.0006693186950011976,-2.34885737904764e-06,0.35086346549079545,-0.0006692893644219544,-2.3490637348898844e-06,0.6925925925925925,0.07030655097104348
102,hybrid,0.1,0.5,0.2,0.1,3.166584297090213e-06,2.6467408427766777e-06,1.4338695827233311e-06,1.2128712600533461e-06,3.6323585607804203e-06,6.999482884806959e-07,1.661794053935462e-07,0.0,0.0,0.0,0.0,0.0,0.0,0.0,0.0,0.0,0.0,0.0,0.3486962842057993,0.35030071731222384,-0.0006756464657630135,-2.3656421224034756e-06,0.3503008314031026,-0.000675532374884269,-2.365555781551527e-06,0.6962962962962963,0.07019527275559738
103,hybrid,0.1,0.5,0.2,0.1,3.1623192194434486e-06,2.644243947758971e-06,1.4318209801821064e-06,1.2124229675768646e-06,3.6184290671083703e-06,6.980966213820679e-07,1.661304069722619e-07,0.0,0.0,0.0,0.0,0.0,0.0,0.0,0.0,0.0,0.0,0.0,0.34798279218963646,0.3497397382669665,-0.0006821397205149515,-2.3828368529563897e-06,0.34974003652300106,-0.0006818414644804149,-2.382226375693356e-06,0.7,0.07008437559749629
104,hybrid,0.1,0.5,0.2,0.1,3.15375671794688e-06,2.6368626121053675e-06,1.4286771702769226e-06,1.2081854418284445e-06,3.6102095413392494e-06,6.963176396480384e-07,1.660962377798022e-07,0.0,0.0,0.0,0.0,0.0,0.0,0.0,0.0,0.0,0.0,0.0,0.34744681960663576,0.349181753190621,-0.00068850146342464,-2.399734242171446e-06,0.34918212153344413,-0.0006881331206015084,-2.3989105039728628e-06,0.6962962962962963,0.06997405093080913
105,hybrid,0.1,0.5,0.2,0.1,3.1482681892619425e-06,2.633545818747882e-06,1.4277498394497495e-06,1.2057959792981326e-06,3.5930242556583324e-06,6.940751636877263e-07,1.6604912210682176e-07,0.0,0.0,0.0,0.0,0.0,0.0,0.0,0.0,0.0,0.0,0.0,0.34694289577719883,0.3486255002202782,-0.0006947399664337106,-2.4161130132024596e-06,0.34862583028087607,-0.0006944099058358577,-2.415461028261489e-06,0.7037037037037037,0.06986404803734238
106,hybrid,0.1,0.5,0.2,0.1,3.142434720742152e-06,2.6288486072687254e-06,1.4258134241168672e-06,1.2030351831518582e-06,3.584684501654702e-06,6.925843251099567e-07,1.660079828596545e-07,0.0,0.0,0.0,0.0,0.0,0.0,0.0,0.0,0.0,0.0,0.0,0.34651333029404074,0.34807210372403474,-0.0007009019167050212,-2.432470279775049e-06,0.3480724393585243,-0.0007005662822154868,-2.4317230525871007e-06,0.7,0.06975460112814795
107,hybrid,0.1,0.5,0.2,0.1,3.1376115507667054e-06,2.6257229524758605e-06,1.4238715934977697e-06,1.2018513589780906e-06,3.5716214226781933e-06,6.90651104803869e-07,1.6596235062252018e-07,0.0,0.0,0.0,0.0,0.0,0.0,0.0,0.0,0.0,0.0,0.0,0.34589277720406,0.3475279439137528,-0.0007073188389811191,-2.449435668881847e-06,0.34752841224185294,-0.0007068505108809853,-2.44830958828448e-06,0.7037037037037037,0.06964705255054678
108,hybrid,0.1,0.5,0.2,0.1,3.1332582218145155e-06,2.622150778205236e-06,1.4223440484589708e-06,1.1998067297462653e-06,3.5661646578967346e-06,6.894919909786281e-07,1.6592579623879995e-07,0.0,0.0,0.0,0.0,0.0,0.0,0.0,0.0,0.0,0.0,0.0,0.3454048114140203,0.34698596721452885,-0.0007134929768813913,-2.465696710801245e-06,0.3469863440336873,-0.0007131161577229594,-2.4647980019326904e-06,0.7037037037037037,0.06953989203828205
109,hybrid,0.1,0.5,0.2,0.1,3.1275177837975725e-06,2.6179439411756797e-06,1.4217779093968878e-06,1.1961660317787917e-06,3.5539481020968906e-06,6.879515839738572e-07,1.658871561743248e-07,0.0,0.0,0.0,0.0,0.0,0.0,0.0,0.0,0.0,0.0,0.0,0.34474630712810705,0.3464415481481609,-0.0007195698395742189,-2.481607395708415e-06,0.34644180609465486,-0.0007193118930802767,-2.481137060400009e-06,0.7037037037037037,0.06943222359754703
110,hybrid,0.1,0.5,0.2,0.1,3.120276292087081e-06,2.612229820296331e-06,1.4184862617513266e-06,1.193743558545005e-06,3.54297372012291e-06,6.858230786231805e-07,1.658448405382225e-07,0.0,0.0,0.0,0.0,0.0,0.0,0.0,0.0,0.0,0.0,0.0,0.3441373916577528,0.3459095524713831,-0.000725983363843441,-2.4985894815966487e-06,0.3459099059605887,-0.0007256298746378675,-2.4978505673783707e-06,0.7037037037037037,0.06932710716704532
111,hybrid,0.1,0.5,0.2,0.1,3.115839629279303e-06,2.6094923858783854e-06,1.4186412263568572e-06,1.1908511595215282e-06,3.529256259468113e-06,6.842101266417495e-07,1.65795921257559e-07,0.0,0.0,0.0,0.0,0.0,0.0,0.0,0.0,0.0,0.0,0.0,0.3437057406798524,0.3453817835973588,-0.0007321980150030716,-2.5149446157731446e-06,0.3453821359614326,-0.0007318456509293192,-2.5141961039838647e-06,0.7037037037037037,0.06922279632247239
112,hybrid,0.1,0.5,0.2,0.1,3.1099706235472122e-06,2.6046510260551484e-06,1.4160424456987766e-06,1.188608580356372e-06,3.5223360673167063e-06,6.825477302797179e-07,1.657644470444983e-07,0.0,0.0,0.0,0.0,0.0,0.0,0.0,0.0,0.0,0.0,0.0,0.343114559050481,0.344860294822355,-0.0007385664401564629,-2.5318231300711634e-06,0.3448607325049515,-0.0007381287575599638,-2.5307845824209412e-06,0.7037037037037037,0.06911977225250228
113,hybrid,0.1,0.5,0.2,0.1,3.105926193998671e-06,2.6012833209591437e-06,1.413629401179255e-06,1.1876539197798888e-06,3.517064010168986e-06,6.818176104821277e-07,1.6572949926202787e-07,0.0,0.0,0.0,0.0,0.0,0.0,0.0,0.0,0.0,0.0,0.0,0.34268549136133497,0.3443365941586833,-0.0007446306782012413,-2.5478977849208834e-06,0.3443369610598886,-0.0007442637769959348,-2.5471100971834193e-06,0.7037037037037037,0.0690162449673769
114,hybrid,0.1,0.5,0.2,0.1,3.0991252959475737e-06,2.5965274410297837e-06,1.4121687314583443e-06,1.184358709571439e-06,3.5013996074303855e-06,6.794493524327461e-07,1.6568023688202446e-07,0.0,0.0,0.0,0.0,0.0,0.0,0.0,0.0,0.0,0.0,0.0,0.3419233266249869,0.34382250402163667,-0.0007510861418952852,-2.564993874863144e-06,0.3438230629607804,-0.0007505272027515386,-2.5636264701551256e-06,0.7074074074074074,0.06891471803270639
115,hybrid,0.1,0.5,0.2,0.1,3.0978988789506327e-06,2.5964243589243724e-06,1.4123537297715608e-06,1.1840706291528114e-06,3.4927529577345747e-06,6.781790380611081e-07,1.6563416640581391e-07,0.0,0.0,0.0,0.0,0.0,0.0,0.0,0.0,0.0,0.0,0.0,0.3414999196814451,0.3433194154189473,-0.0007576536923840083,-2.582440715068223e-06,0.34332026568233565,-0.0007568034289956449,-2.5800982431202556e-06,0.7074074074074074,0.06881541382226626
116,hybrid,0.1,0.5,0.2,0.1,3.089608541511511e-06,2.589305428889964e-06,1.4086786690153734e-06,1.180626759874591e-06,3.4841718773350506e-06,6.766276775203963e-07,1.65603893839627e-07,0.0,0.0,0.0,0.0,0.0,0.0,0.0,0.0,0.0,0.0,0.0,0.34103286803262745,0.3428064494498681,-0.0007638639647411516,-2.5988774250599407e-06,0.34280730578741964,-0.0007630076271896158,-2.596493302774931e-06,0.7074074074074074,0.06871406268292185
117,hybrid,0.1,0.5,0.2,0.1,3.0857452415947984e-06,2.5863826288726117e-06,1.4084758333051026e-06,1.1779067955675093e-06,3.4766922673516204e-06,6.756812753240376e-07,1.6557130922217465e-07,0.0,0.0,0.0,0.0,0.0,0.0,0.0,0.0,0.0,0.0,0.0,0.3407627658290452,0.3423016308237892,-0.0007701126120152613,-2.6153725489480996e-06,0.34230244800163545,-0.0007692954341690372,-2.613144812318546e-06,0.7074074074074074,0.06861434868716089
118,hybrid,0.1,0.5,0.2,0.1,3.0806080677212735e-06,2.582449937116799e-06,1.4090277315601845e-06,1.1734222055566142e-06,3.467465501042063e-06,6.74290130219881e-07,1.6553554456292427e-07,0.0,0.0,0.0,0.0,0.0,0.0,0.0,0.0,0.0,0.0,0.0,0.33987200308216126,0.34179905406363026,-0.0007761337256644851,-2.6311411777192096e-06,0.34179968370518204,-0.0007755040841126992,-2.6295984057360194e-06,0.7074074074074074,0.06851503755785894
119,hybrid,0.1,0.5,0.2,0.1,3.0759334890417785e-06,2.5791337230846805e-06,1.4051066181900687e-06,1.1740271048946112e-06,3.4575361194909235e-06,6.724822611597039e-07,1.6549701776065544e-07,0.0,0.0,0.0,0.0,0.0,0.0,0.0,0.0,0.0,0.0,0.0,0.3394183235166746,0.34130182905761053,-0.0007825988060085609,-2.648297679773361e-06,0.3413025721736746,-0.0007818556899444884,-2.6464665641257414e-06,0.7111111111111111,0.06841688557272382
120,hybrid,0.1,0.5,0.2,0.1,3.0704690984196582e-06,2.57487850456946e-06,1.4049569157250615e-06,1.1699215888443976e-06,3.4482743741198095e-06,6.710871840084281e-07,1.6545719636531808e-07,0.0,0.0,0.0,0.0,0.0,0.0,0.0,0.0,0.0,0.0,0.0,0.3389117381466945,0.3408045037160633,-0.0007887505128659766,-2.66454074792288e-06,0.34080518873538174,-0.0007880654935475406,-2.66290340317064e-06,0.7148148148148148,0.06831865084578585
121,hybrid,0.1,0.5,0.2,0.1,3.0671386331566555e-06,2.572689158177168e-06,1.4031931261359738e-06,1.1694960320411946e-06,3.4395645710573835e-06,6.697577211485752e-07,1.6541473644034315e-07,0.0,0.0,0.0,0.0,0.0,0.0,0.0,0.0,0.0,0.0,0.0,0.338272635723664,0.3403087942986891,-0.0007951088721038779,-2.681510546078162e-06,0.3403096259515337,-0.0007942772192592873,-2.679376116903687e-06,0.7148148148148148,0.0682207806341586
122,hybrid,0.1,0.5,0.2,0.1,3.0648694955764187e-06,2.571617851607059e-06,1.4033619566892183e-06,1.16825589491784e-06,3.430141136110081e-06,6.685002149032213e-07,1.6537487377707888e-07,0.0,0.0,0.0,0.0,0.0,0.0,0.0,0.0,0.0,0.0,0.0,0.3378952108670658,0.3398156809919763,-0.0008012916939386105,-2.6978674806830082e-06,0.33981655145561274,-0.0008004212303021618,-2.6955601447983704e-06,0.7148148148148148,0.06812339453718298
123,hybrid,0.1,0.5,0.2,0.1,3.059158495598131e-06,2.5670176980840737e-06,1.401919573834685e-06,1.1650981242493888e-06,3.4218496441152254e-06,6.671079535183389e-07,1.653424239886699e-07,0.0,0.0,0.0,0.0,0.0,0.0,0.0,0.0,0.0,0.0,0.0,0.33728437515416576,0.33933164425485735,-0.0008075445542409798,-2.714379909630625e-06,0.33933254507565297,-0.0008066437334453558,-2.712007159601671e-06,0.7185185185185186,0.06802783776181966
124,hybrid,0.1,0.5,0.2,0.1,3.0528799893271103e-06,2.5617285797014995e-06,1.3999135446465285e-06,1.161815035054971e-06,3.4148207587388393e-06,6.656939682075433e-07,1.6530540110218135e-07,0.0,0.0,0.0,0.0,0.0,0.0,0.0,0.0,0.0,0.0,0.0,0.3368041198177609,0.33885250727787775,-0.0008139363615355388,-2.7314116429834378e-06,0.3388535890330535,-0.0008128546063597697,-2.72844232635899e-06,0.7185185185185186,0.06793328872788265
125,hybrid,0.1,0.5,0.2,0.1,3.0506435146056694e-06,2.5603494873731603e-06,1.3997078662799733e-06,1.1606416210931872e-06,3.4081675765975224e-06,6.647517478185208e-07,1.652692000905237e-07,0.0,0.0,0.0,0.0,0.0,0.0,0.0,0.0,0.0,0.0,0.0,0.3364152086396677,0.33838007668795517,-0.0008204284413786955,-2.748661079072731e-06,0.33838135129869923,-0.0008191538306346335,-2.745083027556525e-06,0.7185185185185186,0.06784010102586677
126,hybrid,0.1,0.5,0.2,0.1,3.0460896315087683e-06,2.556990755202175e-06,1.3992569761033612e-06,1.1577337790988144e-06,3.3987012765674877e-06,6.635266864789245e-07,1.652341135405879e-07,0.0,0.0,0.0,0.0,0.0,0.0,0.0,0.0,0.0,0.0,0.0,0.3358338082339672,0.33790425199283186,-0.0008266165104318102,-2.7649943094497603e-06,0.3379055892904502,-0.0008252792128134456,-2.761260488689263e-06,0.7185185185185186,0.06774617370065272
127,hybrid,0.1,0.5,0.2,0.1,3.044056174331384e-06,2.5556252859250666e-06,1.3975978803583037e-06,1.1580274055667635e-06,3.3934123619332912e-06,6.628500324141474e-07,1.6519645730158344e-07,0.0,0.0,0.0,0.0,0.0,0.0,0.0,0.0,0.0,0.0,0.0,0.33543847416531036,0.3374304989457125,-0.0008328294091956567,-2.7815383570465907e-06,0.3374319339911678,-0.0008313943637403565,-2.7775098873499297e-06,0.7185185185185186,0.06765266567098163
128,hybrid,0.1,0.5,0.2,0.1,3.040200284673415e-06,2.552705272085119e-06,1.3955872706787216e-06,1.157118001406398e-06,3.386521469010999e-06,6.616305837575888e-07,1.6516748935677842e-07,0.0,0.0,0.0,0.0,0.0,0.0,0.0,0.0,0.0,0.0,0.0,0.33511835705537024,0.3369632098474753,-0.0008391509564797395,-2.798391539320913e-06,0.3369647594127788,-0.0008376013911762237,-2.7940508834963375e-06,0.7185185185185186,0.06756047216079102
