epoch,beta_obj,trajectory_objective_weight,semigroup_objective_weight,alpha,train_total_loss,train_traj_loss,train_semi_loss,train_energy_drop_loss,train_fixed_point_loss,train_active_energy_drop_rate,train_mean_rollout_flow_norm_sq,val_one_step_transported_final_energy,val_one_step_energy_delta_vs_identity,val_one_step_fixed_point_residual_delta_vs_identity,val_configured_transported_final_energy,val_configured_energy_delta_vs_identity,val_configured_fixed_point_residual_delta_vs_identity,val_accuracy,val_output_mse
1,0.0,1.0,0.0,1.0,2.3613187045151166e-05,4.622367182987977e-06,0.0,7.500343995508648e-05,2.399598733915676e-06,0.3862872023809524,2.399598733915676e-06,0.47675742630112294,-1.6466875897125366e-05,-7.578653690205753e-08,0.47677796558306046,4.072406040389609e-06,3.2552086734743014e-08,0.12222222222222222,0.09535477863540402
2,0.0,1.0,0.0,1.0,2.094496717605445e-05,4.374579512317864e-06,0.0,6.535634633202259e-05,2.3130108073094114e-06,0.3613727678571429,2.3130108073094114e-06,0.4642214363763786,-4.1491970570461945e-05,-2.0730939180517807e-07,0.464238334001902,-2.4594345047035393e-05,-1.1647102897153409e-07,0.15555555555555556,0.09285258566938981
3,0.0,1.0,0.0,1.0,1.915561631407723e-05,4.182984535205816e-06,0.0,5.8991532932697455e-05,2.2474854569704688e-06,0.3362983630952381,2.2474854569704688e-06,0.45620023061082243,-5.544206888863368e-05,-2.827404430614058e-07,0.45621339736257627,-4.227531713479893e-05,-2.1078771156554416e-07,0.15925925925925927,0.0912511345359422
4,0.0,1.0,0.0,0.9413447860869009,1.7696245134615702e-05,3.6745857205407825e-06,1.2713230816295599e-08,5.519721283923854e-05,2.223562042652834e-06,0.31400669642857143,2.223562042652834e-06,0.45086864270325977,-6.256819577643569e-05,-3.22087824020193e-07,0.4508784756417329,-5.273525730331574e-05,-2.6752685464167636e-07,0.1814814814814815,0.09018624217980724
5,0.0,1.0,0.0,0.5586552139130994,1.500648822299382e-05,1.5692695307739412e-06,2.5242950660837305e-07,5.286557749673124e-05,2.208243180370698e-06,0.2941220238095238,2.208243180370698e-06,0.44718107691166004,-6.608791604123532e-05,-3.417323330248993e-07,0.4471880938360866,-5.907099161467366e-05,-3.021381837325617e-07,0.1925925925925926,0.08944943296554025
6,0.0,1.0,0.0,0.5,1.4311350843124076e-05,1.2785158974869242e-06,2.592410472617476e-07,5.125092490341826e-05,2.2010371978258875e-06,0.28108630952380953,2.2010371978258875e-06,0.4444948807475481,-6.764184015939367e-05,-3.5027633728262767e-07,0.444499635321833,-6.288726587450055e-05,-3.228373766058553e-07,0.1925925925925926,0.0889125045175415
7,0.0,1.0,0.0,0.5,1.395968356753447e-05,1.2533447811730463e-06,2.5911124604348065e-07,4.994479455312441e-05,2.2014014808032156e-06,0.27247767857142857,2.2014014808032156e-06,0.4424192168870822,-6.811132286599353e-05,-3.525156800633883e-07,0.44242215796086337,-6.517024908481162e-05,-3.348829074115969e-07,0.2074074074074074,0.08849746564198963
8,0.0,1.0,0.0,0.5,1.3664285485137227e-05,1.2322529801607374e-06,2.5900500483333984e-07,4.8846278180948e-05,2.204629597394901e-06,0.2677901785714286,2.204629597394901e-06,0.4407138962004764,-6.817948519421968e-05,-3.522685171037743e-07,0.4407153445565963,-6.673112907434886e-05,-3.4271095415252845e-07,0.21481481481481482,0.08815641513713413
9,0.0,1.0,0.0,0.5,1.3414551816309222e-05,1.2112898742854248e-06,2.588853565549161e-07,4.792653795205858e-05,2.216274540091562e-06,0.26200520833333335,2.216274540091562e-06,0.43923498367981134,-6.825199423282635e-05,-3.5176187286850135e-07,0.4392351714596058,-6.806421443839028e-05,-3.4900148637148415e-07,0.2222222222222222,0.08786064713480883
10,0.0,1.0,0.0,0.5,1.308826570876491e-05,1.189261815036738e-06,2.58758263164099e-07,4.670319044886113e-05,2.232062815128896e-06,0.25648809523809524,2.232062815128896e-06,0.4378890584168881,-6.862193513318404e-05,-3.5248313370143405e-07,0.437888489981375,-6.919037064628819e-05,-3.5383423046395275e-07,0.24814814814814815,0.08759153607040425
11,0.0,1.0,0.0,0.5,1.2821404653850878e-05,1.171012164145123e-06,2.5864903198462914e-07,4.57016495936304e-05,2.249800912981551e-06,0.25024925595238096,2.249800912981551e-06,0.436636823426422,-6.89440893212323e-05,-3.5280218791631244e-07,0.4366355790981728,-7.018841757044925e-05,-3.5778148619989994e-07,0.25925925925925924,0.08734115350314864
12,0.0,1.0,0.0,0.5,1.2557962047446825e-05,1.1512820785147803e-06,2.585321414979063e-07,4.4716859317762445e-05,2.2746513949143455e-06,0.24906622023809524,2.2746513949143455e-06,0.4354372312512375,-6.96209120099045e-05,-3.547052220249187e-07,0.4354355744377767,-7.127772547071975e-05,-3.618981209983264e-07,0.26666666666666666,0.08710137043264948
13,0.0,1.0,0.0,0.5,1.233025174020225e-05,1.1346124272329379e-06,2.584279914085775e-07,4.38628410441389e-05,2.2992905193458492e-06,0.2504203869047619,2.2992905193458492e-06,0.4342801140364983,-7.060408261444495e-05,-3.5805277011710527e-07,0.4342780932110949,-7.262490801784871e-05,-3.6716008033029e-07,0.28888888888888886,0.08687014362382255
14,0.0,1.0,0.0,0.5,1.2036348787718315e-05,1.1176965697021218e-06,2.583190706413601e-07,4.27476590204083e-05,2.317374629141166e-06,0.2469047619047619,2.317374629141166e-06,0.4331549693305336,-7.13598470605814e-05,-3.600490663046251e-07,0.43315261815446676,-7.371102312742073e-05,-3.7085621189752267e-07,0.29259259259259257,0.08664526583551883
15,0.0,1.0,0.0,0.5,1.1686260114876368e-05,1.1007576890513106e-06,2.582067481559915e-07,4.140273719572998e-05,2.3481812689256148e-06,0.24086309523809524,2.3481812689256148e-06,0.4320465214495899,-7.244821085300446e-05,-3.635713068672619e-07,0.4320440374092312,-7.493225121169012e-05,-3.7505290324363035e-07,0.3111111111111111,0.08642379393208857
16,0.0,1.0,0.0,0.5,1.1412817947775263e-05,1.0853620654010686e-06,2.581040845397514e-07,4.0358343779465977e-05,2.378699375077007e-06,0.23831101190476192,2.378699375077007e-06,0.4309589820726055,-7.373329527871064e-05,-3.6797324678346254e-07,0.430956390810914,-7.632455697020868e-05,-3.7994899536200697e-07,0.32222222222222224,0.08620654307357685
17,0.0,1.0,0.0,0.5,1.1119943716419395e-05,1.069024707847301e-06,2.5799586879196104e-07,3.9239464317848515e-05,2.410529291099664e-06,0.23657738095238096,2.410529291099664e-06,0.4298837806690893,-7.530162728908163e-05,-3.7362564005643606e-07,0.42988112302930487,-7.795926707349077e-05,-3.85892110691164e-07,0.32592592592592595,0.08599181645927567
18,0.0,1.0,0.0,0.5,1.0794426568974678e-05,1.0546208336045087e-06,2.578904052876914e-07,3.798137516970733e-05,2.444619429433349e-06,0.2324627976190476,2.444619429433349e-06,0.42882544296212,-7.688064437477715e-05,-3.7916658868710385e-07,0.4288229442602338,-7.937934626095489e-05,-3.905604690662462e-07,0.32592592592592595,0.08578046472129895
19,0.0,1.0,0.0,0.5,1.0518829205464136e-05,1.0406910055642204e-06,2.577930632447526e-07,3.6922891699645203e-05,2.4741527498861417e-06,0.22893601190476193,2.4741527498861417e-06,0.4277781063491215,-7.8758622559294e-05,-3.8605007082314485e-07,0.4277756108643658,-8.125410731502081e-05,-3.973509760471787e-07,0.34074074074074073,0.08557137299433615
20,0.0,1.0,0.0,0.5,1.0194713329193342e-05,1.0266595995577809e-06,2.5769113948327e-07,3.5667412241787116e-05,2.5120066918878257e-06,0.22607886904761906,2.5120066918878257e-06,0.42674066604123617,-8.08874112008251e-05,-3.939844181959475e-07,0.4267383252514528,-8.322820098422001e-05,-4.0445432082175875e-07,0.34074074074074073,0.0853643106904874
21,0.0,1.0,0.0,0.5,9.865211743209822e-06,1.0124526970966527e-06,2.575884281624568e-07,3.438621465721803e-05,2.5620538180866193e-06,0.2200111607142857,2.5620538180866193e-06,0.425712529038537,-8.308958308655967e-05,-4.0206529874282676e-07,0.42571034984018563,-8.526878143794159e-05,-4.1167475800526847e-07,0.35555555555555557,0.08515912372432471
22,0.0,1.0,0.0,0.5,9.510751368784926e-06,9.997320878158973e-07,2.574929862960172e-07,3.300298580244814e-05,2.60272830356995e-06,0.2184375,2.60272830356995e-06,0.42469320726945026,-8.54262698412045e-05,-4.106249430923972e-07,0.4246912026155387,-8.743092375274042e-05,-4.1932877701750314e-07,0.3592592592592593,0.0849557267078583
23,0.0,1.0,0.0,0.5,9.210150255368902e-06,9.888445102633604e-07,2.5740044798989564e-07,3.182760577251846e-05,2.6440430197592857e-06,0.21981770833333333,2.6440430197592857e-06,0.42368921133865567,-8.787239994767493e-05,-4.196191779632795e-07,0.42368731035185964,-8.977338674370783e-05,-4.277691630747045e-07,0.3814814814814815,0.08475541674772068
24,0.0,1.0,0.0,0.5,8.956625525324589e-06,9.78298632996796e-07,2.5731764428421937e-07,3.084363377914388e-05,2.6741844754182507e-06,0.2174107142857143,2.6741844754182507e-06,0.4226985072999844,-9.022639775041474e-05,-4.2798877872935945e-07,0.4226967017520874,-9.203194564744166e-05,-4.3561915681023205e-07,0.4111111111111111,0.08455774673954697
25,0.0,1.0,0.0,0.5,8.558661323596767e-06,9.651017547973192e-07,2.572155498417499e-07,2.9281483947004195e-05,2.7318858204839936e-06,0.21366443452380954,2.7318858204839936e-06,0.42171378448060737,-9.288941339519186e-05,-4.3763236404564484e-07,0.42171218864320814,-9.448525079441827e-05,-4.4419704234061226e-07,0.4222222222222222,0.08436133477880052
26,0.0,1.0,0.0,0.5,8.275220667047716e-06,9.562541245673906e-07,2.571397661094377e-07,2.81718051032139e-05,2.7601526667685057e-06,0.2142261904761905,2.7601526667685057e-06,0.4207426975368349,-9.569645172763375e-05,-4.4785417179768255e-07,0.42074112349508364,-9.727049347890704e-05,-4.542255978078969e-07,0.45185185185185184,0.08416767879771252
27,0.0,1.0,0.0,0.5,7.940302193047597e-06,9.443589166809671e-07,2.5704354586505693e-07,2.6855539719648998e-05,2.8205834645438247e-06,0.20578869047619047,2.8205834645438247e-06,0.4197723935044354,-9.856996759177727e-05,-4.581226005287702e-07,0.41977098458579254,-9.99788862346418e-05,-4.636921930315158e-07,0.45925925925925926,0.08397419269440543
28,0.0,1.0,0.0,0.5,7.570814517811808e-06,9.347195978412535e-07,2.5695940079212963e-07,2.5393703857249014e-05,2.8766895565830167e-06,0.20182291666666666,2.8766895565830167e-06,0.4188224538000118,-0.00010124269264927266,-4.6731522187692877e-07,0.4188211433116935,-0.00010255318096757948,-4.723670463955881e-07,0.4740740740740741,0.08378473929853222
29,0.0,1.0,0.0,0.5,7.1988146090082e-06,9.239317109477481e-07,2.5686676014106735e-07,2.3929990645046197e-05,2.9238523679890374e-06,0.1981361607142857,2.923852367989037e-06,0.4178783559786306,-0.00010417555450337179,-4.77537346446448e-07,0.41787725676338583,-0.00010527476974814265,-4.815491318957551e-07,0.4777777777777778,0.0835965063066268
30,0.0,1.0,0.0,0.5,6.8671860196656225e-06,9.143631340433631e-07,2.567787489148988e-07,2.2622844196859832e-05,2.9711183640730138e-06,0.196953125,2.9711183640730138e-06,0.416946174174234,-0.00010738781091546024,-4.889035764608723e-07,0.4169453621748435,-0.00010819981030596448,-4.915506932518562e-07,0.48148148148148145,0.08341071239702989
31,0.0,1.0,0.0,0.5,6.618609091742179e-06,9.062162825648097e-07,2.567050967357475e-07,2.1636085186542584e-05,3.0337151254172404e-06,0.19189732142857144,3.0337151254172404e-06,0.4160186467606198,-0.00011034713250684947,-4.988941174305741e-07,0.4160179656744451,-0.00011102821868153034,-5.009182902842115e-07,0.48518518518518516,0.08322579877862533
32,0.0,1.0,0.0,0.5,6.311422084756809e-06,8.969612758867933e-07,2.56626653313519e-07,2.0427096865387608e-05,3.076865925231144e-06,0.18573288690476192,3.076865925231144e-06,0.4151004318217833,-0.00011371598483667089,-5.106485937556146e-07,0.4150998962175689,-0.00011425158905109534,-5.119783416101403e-07,0.5037037037037037,0.08304282956132399
33,0.0,1.0,0.0,0.5,5.970598769574701e-06,8.887099100793687e-07,2.565427126090708e-07,1.907320456585953e-05,3.135877180304493e-06,0.1776636904761905,3.135877180304493e-06,0.41418689122577546,-0.0001171945839185673,-5.226880263913729e-07,0.41418656780350294,-0.00011751800619108632,-5.230522295938543e-07,0.5148148148148148,0.0828608171619388
34,0.0,1.0,0.0,0.5,5.712050645707179e-06,8.798808070988408e-07,2.56458336025631e-07,1.805464479638807e-05,3.1850863951132154e-06,0.17115699404761903,3.1850863951132154e-06,0.41328691769969356,-0.00012069708275885827,-5.34693616380266e-07,0.41328685597281023,-0.00012075880964218522,-5.338690249700843e-07,0.5185185185185185,0.08268152295649048
35,0.0,1.0,0.0,0.5,5.392926527412922e-06,8.735244723983469e-07,2.563936010274867e-07,1.67772831187133e-05,3.2508127533624876e-06,0.16686011904761905,3.2508127533624876e-06,0.41239745581247783,-0.000123938689956693,-5.453268345842607e-07,0.412397456184811,-0.0001239383176235287,-5.442137596766263e-07,0.5185185185185185,0.08250427890048691
36,0.0,1.0,0.0,0.5,5.0846393760544635e-06,8.650420666922191e-07,2.5631553683604414e-07,1.555084792968101e-05,3.3188532694199156e-06,0.15635044642857143,3.3188532694199156e-06,0.41151448117066164,-0.0001273261507497847,-5.564564923766406e-07,0.41151448848467653,-0.00012731883673489097,-5.552972120736208e-07,0.5222222222222223,0.08232836146428228
37,0.0,1.0,0.0,0.5,4.815500928575843e-06,8.574664205375775e-07,2.5624189772259647e-07,1.4487867530564139e-05,3.360676253972311e-06,0.154140625,3.360676253972311e-06,0.41063622253388904,-0.00013089192925402893,-5.682814715567001e-07,0.41063629341062247,-0.00013082105252060217,-5.668507016119587e-07,0.5222222222222223,0.08215342289262861
38,0.0,1.0,0.0,0.5,4.515557524779799e-06,8.508216740885732e-07,2.561716274101069e-07,1.3291167412204639e-05,3.41943997640067e-06,0.14719494047619047,3.41943997640067e-06,0.4097696279960082,-0.00013464491302400683,-5.807573393088578e-07,0.4097698199809775,-0.00013445292805469578,-5.787767704810737e-07,0.5370370370370371,0.08198085458180644
39,0.0,1.0,0.0,0.5,4.26669127629208e-06,8.440793487411525e-07,2.560925616433017e-07,1.2300699672405965e-05,3.4743700944943694e-06,0.1386011904761905,3.4743700944943694e-06,0.4089129896363757,-0.00013840232005207787,-5.931993170735467e-07,0.40891334561832304,-0.00013804633810471367,-5.905014573335762e-07,0.5296296296296297,0.08181027839128555
40,0.0,1.0,0.0,0.5,4.059583725226275e-06,8.376384939898054e-07,2.560246180446402e-07,1.147097490427132e-05,3.5420150516863887e-06,0.13396205357142857,3.5420150516863887e-06,0.40806296886632326,-0.00014200934837876877,-6.047643657351178e-07,0.4080633459051675,-0.00014163230953451178,-6.019729341423801e-07,0.5370370370370371,0.0816409956429404
41,0.0,1.0,0.0,0.5,3.884580618447295e-06,8.323470194076899e-07,2.5596432950118336e-07,1.0766724052549548e-05,3.6055258590221892e-06,0.1281138392857143,3.6055258590221892e-06,0.40722062943686016,-0.00014574731518418593,-6.167143472962091e-07,0.4072210664668353,-0.00014531028520903266,-6.136802343285571e-07,0.5444444444444444,0.08147327535040887
42,0.0,1.0,0.0,0.5,3.6529591307627042e-06,8.244451856420237e-07,2.558802228628051e-07,9.842646142894648e-06,3.6785240939701886e-06,0.12537946428571428,3.6785240939701886e-06,0.40638662945631876,-0.0001497303231961511,-6.296007505960895e-07,0.40638732265079996,-0.00014903712871494612,-6.255021519879344e-07,0.5481481481481482,0.08130727195590298
43,0.0,1.0,0.0,0.5,3.4081252778442993e-06,8.19174805805331e-07,2.558238565438904e-07,8.865531762766569e-06,3.7256753134732647e-06,0.12159598214285713,3.7256753134732647e-06,0.4055587444073516,-0.00015376100226671685,-6.425941857766699e-07,0.40555956716037894,-0.00015293824923939825,-6.379475089814861e-07,0.5444444444444444,0.08114250108192367
44,0.0,1.0,0.0,0.5,3.2089236473050223e-06,8.131927711270481e-07,2.557529763017632e-07,8.071539896476622e-06,3.778459020588186e-06,0.11517485119047619,3.778459020588186e-06,0.404735518691938,-0.00015773148746833776,-6.551461974478243e-07,0.40473644579522683,-0.0001568043841795319,-6.50076506793077e-07,0.5518518518518518,0.08097865003588127
45,0.0,1.0,0.0,0.5,3.0806008163546122e-06,8.071523670763568e-07,2.5567760124326506e-07,7.550818711304506e-06,3.8574377145212886e-06,0.11262276785714284,3.857437714521289e-06,0.4039227056097112,-0.0001619853486570788,-6.687902283423444e-07,0.40392395365248823,-0.0001607373058800654,-6.624227214790653e-07,0.5518518518518518,0.08081693819167367
46,0.0,1.0,0.0,0.5,2.9226414856876597e-06,8.024434032135433e-07,2.5562602737558876e-07,6.911018710478851e-06,3.924434048544035e-06,0.10598214285714284,3.924434048544035e-06,0.40311682383105835,-0.00016589331297567345,-6.808574564101286e-07,0.4031180624068367,-0.00016465473719734502,-6.745349482754968e-07,0.5518518518518518,0.0806565434288068
47,0.0,1.0,0.0,0.5,2.749747259549977e-06,7.988165889819862e-07,2.555704533544116e-07,6.21185524070906e-06,3.979668603907258e-06,0.10372395833333334,3.979668603907258e-06,0.4023179643639392,-0.00017005678003534364,-6.938616269694137e-07,0.40231921528992215,-0.00016880585405237847,-6.875301134284708e-07,0.5555555555555556,0.0804976042287949
48,0.0,1.0,0.0,0.5,2.553134963212255e-06,7.920376938699107e-07,2.554900755860603e-07,5.425520059405298e-06,4.047172544910192e-06,0.09934151785714286,4.047172544910192e-06,0.4015303371934595,-0.0001743027624152571,-7.071641585455269e-07,0.40153185192181123,-0.00017278803406350907,-6.99765845368894e-07,0.5592592592592592,0.08034092799117495
49,0.0,1.0,0.0,0.5,2.3713297726804763e-06,7.879528866343267e-07,2.554408274311351e-07,4.6855632293862606e-06,4.119860786995847e-06,0.09161458333333333,4.119860786995847e-06,0.4007521303191896,-0.00017851468340435162,-7.201755728107454e-07,0.4007538447879595,-0.00017680021463445383,-7.119846485780597e-07,0.5592592592592592,0.08018612900051879
50,0.0,1.0,0.0,0.5,2.2926792000948465e-06,7.827022285487798e-07,2.5537441365835976e-07,4.368961629492879e-06,4.177365641728469e-06,0.08636532738095239,4.177365641728469e-06,0.399976425535582,-0.00018286214576263005,-7.336345565885029e-07,0.3999782515414555,-0.0001810361398891236,-7.25004953749871e-07,0.562962962962963,0.08003185753626893
51,0.0,1.0,0.0,0.5,2.1552030966880685e-06,7.781376655471473e-07,2.5531603687664284e-07,3.805154245982476e-06,4.257768696453019e-06,0.08024925595238094,4.257768696453019e-06,0.39920451917286787,-0.00018725463940039155,-7.471030869937733e-07,0.3992064222550615,-0.00018535155720678098,-7.382308541983254e-07,0.5703703703703704,0.07987835476245365
52,0.0,1.0,0.0,0.5,2.1157984980841057e-06,7.739448715791591e-07,2.552559246426605e-07,3.645476592273551e-06,4.304844784365586e-06,0.07821056547619047,4.304844784365586e-06,0.39844052010559455,-0.00019178463668984014,-7.611251053896725e-07,0.39844266750640206,-0.00018963723588233394,-7.513197224494773e-07,0.5814814814814815,0.07972646094845688
53,0.0,1.0,0.0,0.5,1.9918527160804405e-06,7.700155801790818e-07,2.5520589671696173e-07,3.137346121135156e-06,4.3750060561757005e-06,0.0749516369047619,4.3750060561757005e-06,0.39768467419709874,-0.00019620140587667256,-7.745695786882945e-07,0.3976868771726956,-0.00019399843027984032,-7.645798907597004e-07,0.5814814814814815,0.07957617512059507
54,0.0,1.0,0.0,0.5,1.9099166222734892e-06,7.66101124546726e-07,2.551454385734575e-07,2.795397834237493e-06,4.449660391673898e-06,0.06995907738095239,4.449660391673898e-06,0.39693537395915035,-0.0002007616059199191,-7.884291552325571e-07,0.39693778171698224,-0.0001983538480880287,-7.776767066983094e-07,0.5888888888888889,0.07942722711301405
55,0.0,1.0,0.0,0.5,1.8390186202547882e-06,7.617207777264874e-07,2.550906713131891e-07,2.500189136254392e-06,4.5225055846470275e-06,0.0640141369047619,4.5225055846470275e-06,0.3961918425969912,-0.0002051513728313914,-8.014777355248946e-07,0.3961942311652589,-0.00020276280456366091,-7.908389913211574e-07,0.5888888888888889,0.07927939879396452
56,0.0,1.0,0.0,0.5,1.786308104271409e-06,7.586774739196594e-07,2.550379797360004e-07,2.2691081429454625e-06,4.603535946153838e-06,0.06228050595238095,4.603535946153838e-06,0.39546134802542077,-0.00020964241586973742,-8.148565048505738e-07,0.3954638609692946,-0.00020712947199591492,-8.0376026289524e-07,0.5925925925925926,0.07913419808825811
57,0.0,1.0,0.0,0.5,1.7079489441975197e-06,7.545217548473801e-07,2.549764839764794e-07,1.9479305177541995e-06,4.6644455991158975e-06,0.05720238095238095,4.6644455991158975e-06,0.39472903030676426,-0.0002140571380943035,-8.278712849032858e-07,0.39473158557359206,-0.00021150187126650621,-8.166468739922517e-07,0.5925925925925926,0.07898861748897172
58,0.0,1.0,0.0,0.5,1.6764247557837607e-06,7.502181008335284e-07,2.5492357935411713e-07,1.810065684054534e-06,4.736902339365989e-06,0.053515625,4.736902339365989e-06,0.39399726906166144,-0.00021883019551377503,-8.421602960818311e-07,0.3939999006280501,-0.00021619862912508614,-8.307144166274771e-07,0.5925925925925926,0.07884321985143504
59,0.0,1.0,0.0,0.5,1.6474092752640036e-06,7.480800768611124e-07,2.548791794098751e-07,1.6730302026209005e-06,4.810716477476662e-06,0.05056175595238095,4.810716477476662e-06,0.39328383478641854,-0.00022339698319018275,-8.555085359824395e-07,0.39328659601116006,-0.0002206357584486618,-8.435971523248131e-07,0.5925925925925926,0.07870144635392175
60,0.0,1.0,0.0,0.5,1.6206743949880411e-06,7.441953744472281e-07,2.548155721600576e-07,1.5534422541780669e-06,4.881184569962965e-06,0.050647321428571423,4.881184569962965e-06,0.3925708594790035,-0.00022810647197474276,-8.694315540890897e-07,0.3925737630312734,-0.00022520291970484774,-8.570799758726537e-07,0.5925925925925926,0.07855979319019565
61,0.0,1.0,0.0,0.5,1.6152430719949233e-06,7.41444205296135e-07,2.5477853676835485e-07,1.5107212858108623e-06,4.961185452460725e-06,0.04765625,4.961185452460725e-06,0.3918697488110665,-0.000232795799843033,-8.831501265008286e-07,0.3918727898424218,-0.00022975476848774434,-8.703052758554132e-07,0.5925925925925926,0.0784205089221819
62,0.0,1.0,0.0,0.5,1.57566534509877e-06,7.373683578419744e-07,2.547177991453934e-07,1.3471693438832524e-06,5.015046512859827e-06,0.042053571428571426,5.015046512859827e-06,0.3911684825343744,-0.00023751321376214163,-8.969174509930108e-07,0.39117155694470174,-0.00023443880343482215,-8.839639966975424e-07,0.5962962962962963,0.07828119914962732
63,0.0,1.0,0.0,0.5,1.5680905521326768e-06,7.346547502095561e-07,2.546765114503539e-07,1.295257761811156e-06,5.096213614703314e-06,0.03923363095238096,5.096213614703314e-06,0.3904730546466034,-0.00024240571631789498,-9.113264730318009e-07,0.3904761864274863,-0.00023927393543499154,-8.982104045786787e-07,0.5962962962962963,0.07814309207258427
64,0.0,1.0,0.0,0.5,1.5736033525997628e-06,7.307093145977736e-07,2.546082852486273e-07,1.297746833177233e-06,5.184573297076809e-06,0.038366815476190474,5.184573297076809e-06,0.38978197505425544,-0.0002473046013333202,-9.256306674696726e-07,0.38978548468604707,-0.00024379496954168856,-9.112180834898844e-07,0.5962962962962963,0.07800585593111775
65,0.0,1.0,0.0,0.5,1.565519644026915e-06,7.291161299222674e-07,2.545687806090163e-07,1.253534501640622e-06,5.2301988869449185e-06,0.0394047619047619,5.2301988869449185e-06,0.38910607202304776,-0.00025201420718429235,-9.391708149536927e-07,0.38910973992013914,-0.0002483463100929062,-9.241979163806787e-07,0.6,0.07787161724604641
66,0.005859375,0.994140625,0.005859375,0.5,1.5705471326294195e-06,7.261119848384873e-07,2.545271739946551e-07,1.2637087335568008e-06,5.312711566527702e-06,0.03775669642857143,5.312711566527702e-06,0.38842783521955937,-0.0002568545653649501,-9.531284791005571e-07,0.38843165824223436,-0.0002530315426899632,-9.376586693918233e-07,0.6037037037037037,0.07773693795698486
67,0.01171875,0.98828125,0.01171875,0.5,1.5691155646244594e-06,7.239011423074202e-07,2.5448444881842576e-07,1.2411667623327272e-06,5.404237086106816e-06,0.036145833333333335,5.404237086106816e-06,0.38775274802236304,-0.00026171105064409783,-9.670336599468385e-07,0.3877565828600966,-0.00025787621291051277,-9.516156296845578e-07,0.6111111111111112,0.07760289181460144
68,0.017578125,0.982421875,0.017578125,0.5,1.5790193601578981e-06,7.213551604446311e-07,2.544398017431933e-07,1.2823709935482128e-06,5.4527894786588754e-06,0.03259300595238095,5.4527894786588754e-06,0.3870925459601461,-0.0002666406361160334,-9.811448396295983e-07,0.3870964000199792,-0.0002627865762829251,-9.656438153824234e-07,0.6111111111111112,0.07747183731925242
69,0.0234375,0.9765625,0.0234375,0.5,1.5940189495527664e-06,7.18421006094805e-07,2.543822258910651e-07,1.323536412905286e-06,5.555897491426649e-06,0.0331547619047619,5.555897491426649e-06,0.38643637395699076,-0.0002715226670806925,-9.950870698244947e-07,0.386440308287926,-0.0002675883361454301,-9.79344694536496e-07,0.6111111111111112,0.0773415793248143
70,0.029296875,0.970703125,0.029296875,0.5,1.5852314128293692e-06,7.162908354708839e-07,2.5433629361332617e-07,1.284564688775772e-06,5.613332296330257e-06,0.03111607142857143,5.613332296330257e-06,0.3857810028423905,-0.00027641735505179454,-1.00900306049419e-06,0.3857850379315426,-0.0002723822658996511,-9.930072703277543e-07,0.6111111111111112,0.07721148403948846
71,0.03515625,0.96484375,0.03515625,0.5,1.6150176784492247e-06,7.146172781093069e-07,2.5430526321099715e-07,1.398161323262427e-06,5.6704291379808e-06,0.03293526785714286,5.670429137980799e-06,0.3851291998440568,-0.0002813192652631469,-1.0228547948588017e-06,0.38513322229087227,-0.00027729681844768095,-1.006941645024064e-06,0.6111111111111112,0.07708210382186399
72,0.041015625,0.958984375,0.041015625,0.5,1.6276838587593142e-06,7.116931555005023e-07,2.5425570717362295e-07,1.4301183680271237e-06,5.772231940935633e-06,0.03111607142857143,5.772231940935633e-06,0.38448160645036633,-0.0002864468426625466,-1.0374032571308233e-06,0.3844854700847874,-0.00028258320824148253,-1.0220763561658475e-06,0.6111111111111112,0.07695361065860577
73,0.046875,0.953125,0.046875,0.5,1.6276335763778096e-06,7.08765299211961e-07,2.542001462378406e-07,1.423350627222164e-06,5.843383619059696e-06,0.030249255952380955,5.843383619059696e-06,0.38384748701333127,-0.000291508145072672,-1.0517708116612582e-06,0.3838517078268792,-0.0002872873315247215,-1.03523790740182e-06,0.6111111111111112,0.07682779903168079
74,0.052734375,0.947265625,0.052734375,0.5,1.642603629887477e-06,7.077167153961297e-07,2.541686443402071e-07,1.4703086064960371e-06,5.9122733692692756e-06,0.029468005952380954,5.9122733692692756e-06,0.38321338834709534,-0.0002963168892404777,-1.06519992419988e-06,0.38321758705496617,-0.0002921181813696494,-1.0487794372566746e-06,0.6111111111111112,0.07670194104726717
75,0.05859375,0.94140625,0.05859375,0.5,1.6622307616546638e-06,7.055250556570562e-07,2.5412210700358345e-07,1.5428371914587952e-06,5.974457996555732e-06,0.03059151785714286,5.974457996555732e-06,0.3825898826354873,-0.0003013879608047554,-1.0793619752398425e-06,0.38259408549805485,-0.00029718509823722927,-1.0628986149209432e-06,0.6111111111111112,0.07657825411925842
76,0.064453125,0.935546875,0.064453125,0.5,1.6622491988448335e-06,7.038237222725165e-07,2.540706995096984e-07,1.5270875093904621e-06,6.056415870199614e-06,0.030457589285714286,6.056415870199614e-06,0.38197187243973507,-0.00030644034904853124,-1.0934922321952415e-06,0.3819763098958766,-0.000302002892906994,-1.0762919983111382e-06,0.6148148148148148,0.07645566255775672
77,0.0703125,0.9296875,0.0703125,0.5,1.6831148523611434e-06,7.010619716354907e-07,2.540272593672377e-07,1.6023614943562745e-06,6.1289463534294565e-06,0.028601190476190474,6.1289463534294565e-06,0.38135756049457054,-0.00031149570321425957,-1.107605849988316e-06,0.3813623111568863,-0.00030674504089850396,-1.0893594256315264e-06,0.6148148148148148,0.07633381123955696
78,0.076171875,0.923828125,0.076171875,0.5,1.6797170173561784e-06,6.996840177405356e-07,2.539908962358169e-07,1.5713781891789426e-06,6.211377330605243e-06,0.029334077380952384,6.211377330605243e-06,0.3807429452374935,-0.00031669307347187425,-1.1221935014942268e-06,0.3807478620509617,-0.0003117762600036711,-1.103435080279983e-06,0.6148148148148148,0.07621192766219308
79,0.08203125,0.91796875,0.08203125,0.5,1.7158903992647393e-06,6.976422352849784e-07,2.5394612134865224e-07,1.7111867163608148e-06,6.268484317358967e-06,0.029895833333333333,6.268484317358967e-06,0.3801358931234429,-0.0003217721855243161,-1.1362488163822087e-06,0.38014082830215506,-0.0003168370068121762,-1.1174042106987356e-06,0.6148148148148148,0.07609153306179345
80,0.087890625,0.912109375,0.087890625,0.5,1.7253441485444875e-06,6.958293952578512e-07,2.5390464045105003e-07,1.7315067241833895e-06,6.3547911514373006e-06,0.029724702380952383,6.3547911514373006e-06,0.3795363452069177,-0.0003269373766799366,-1.1506008645864943e-06,0.37954150935710973,-0.0003217732264879092,-1.1309984707851212e-06,0.6185185185185185,0.07597265651671953
81,0.09375,0.90625,0.09375,0.5,1.7388251996107703e-06,6.939357711360586e-07,2.53864591154352e-07,1.7694544590749432e-06,6.43782486829261e-06,0.02998139880952381,6.437824868292609e-06,0.37893478572301936,-0.0003321344526030501,-1.1649850557402149e-06,0.3789399865977431,-0.0003269335778793292,-1.1453206469701606e-06,0.6185185185185185,0.07585338403512448
82,0.099609375,0.900390625,0.099609375,0.5,1.765663982509005e-06,6.922316246957232e-07,2.5382386908948277e-07,1.8611559296515299e-06,6.518128979314896e-06,0.030029761904761903,6.518128979314896e-06,0.3783373627442342,-0.00033720986500657135,-1.1789063604202097e-06,0.3783424546363385,-0.0003321179729022794,-1.1597162196049253e-06,0.6222222222222222,0.07573491452184815
83,0.10546875,0.89453125,0.10546875,0.5,1.7643322670326724e-06,6.907386339352011e-07,2.5377737052493043e-07,1.8513147079967471e-06,6.568507143485866e-06,0.030457589285714286,6.568507143485866e-06,0.3777443960835789,-0.00034233642283271193,-1.1929235649773282e-06,0.37774948389903573,-0.000337248607375884,-1.1737963112594288e-06,0.6185185185185185,0.07561734650128232
84,0.111328125,0.888671875,0.111328125,0.5,1.7820675774063724e-06,6.888151724680512e-07,2.5372884689702984e-07,1.9009411145500072e-06,6.664544711397808e-06,0.029858630952380956,6.664544711397808e-06,0.37716292644857585,-0.0003474449430704296,-1.2070123277829227e-06,0.3771682472689328,-0.00034212412271350523,-1.187133491769004e-06,0.6222222222222222,0.07550207427832926
85,0.1171875,0.8828125,0.1171875,0.5,1.7943769919905178e-06,6.878447202145353e-07,2.5368911446365515e-07,1.9290703357806056e-06,6.751422978797623e-06,0.030896577380952382,6.751422978797623e-06,0.3765833710745986,-0.0003526737881829334,-1.2214248983025036e-06,0.3765888263803444,-0.0003472184824371283,-1.201190446905036e-06,0.6222222222222222,0.07538720897255631
86,0.123046875,0.876953125,0.123046875,0.5,1.8312416646999413e-06,6.856377329446744e-07,2.536563490685199e-07,2.067418060006572e-06,6.8190337609776005e-06,0.03128720238095238,6.8190337609776005e-06,0.37600779769647047,-0.00035773354019996706,-1.235179741527581e-06,0.3760132649471011,-0.00035226628956935846,-1.2149601483816782e-06,0.6222222222222222,0.07527310624733409
87,0.12890625,0.87109375,0.12890625,0.5,1.8080881804378644e-06,6.844294353623385e-07,2.5361298984132574e-07,1.9636255237982325e-06,6.882872965564109e-06,0.030677083333333334,6.882872965564109e-06,0.3754400057400834,-0.00036298772863485596,-1.2496298765572581e-06,0.3754456516240568,-0.0003573418446614629,-1.2287831139288835e-06,0.6222222222222222,0.07516059869374365
88,0.134765625,0.865234375,0.134765625,0.5,1.8433621969355607e-06,6.834391037425239e-07,2.535798161401603e-07,2.089206788867371e-06,6.955516515319812e-06,0.032715773809523806,6.955516515319812e-06,0.3748709511515297,-0.0003681035431100099,-1.2634774206537287e-06,0.3748765006617499,-0.0003625540328898169,-1.2430245982320356e-06,0.6259259259259259,0.07504781093892794
89,0.140625,0.859375,0.140625,0.5,1.8626685053969128e-06,6.812926760963732e-07,2.535251668403424e-07,2.135792398172042e-06,7.0758253574665835e-06,0.031201636904761902,7.0758253574665835e-06,0.37431493883526906,-0.000373287008321177,-1.2775127413921995e-06,0.37432081532913475,-0.00036741051445549067,-1.2560299944175835e-06,0.6259259259259259,0.07493764516871804
90,0.146484375,0.853515625,0.146484375,0.5,1.8833666359149589e-06,6.805431652506632e-07,2.534966969209595e-07,2.204043273092555e-06,7.14368287400391e-06,0.03267857142857143,7.14368287400391e-06,0.37375538836360045,-0.00037845091392640917,-1.2914987211143174e-06,0.37376119267249686,-0.0003726466050300026,-1.2703326494260098e-06,0.6222222222222222,0.07482676785550538
91,0.15234375,0.84765625,0.15234375,0.5,1.874838696901491e-06,6.792379429972023e-07,2.5345744742069384e-07,2.166373091981317e-06,7.18872478281943e-06,0.03145833333333333,7.18872478281943e-06,0.3732020847249988,-0.00038370282094551955,-1.3057307548533861e-06,0.37320799367341273,-0.00037779387253156216,-1.2842710761691036e-06,0.6296296296296297,0.07471715750918886
92,0.158203125,0.841796875,0.158203125,0.5,1.8935606369225607e-06,6.784356921679752e-07,2.53417657437352e-07,2.2132034039652804e-06,7.290632750390086e-06,0.03189732142857143,7.290632750390086e-06,0.3726603887520555,-0.00038901010489550414,-1.3201340679925145e-06,0.3726666257370379,-0.0003827731199130824,-1.2976804530904508e-06,0.6259259259259259,0.0746098797713902
93,0.1640625,0.8359375,0.1640625,0.5,1.9240866818886496e-06,6.763921626232784e-07,2.5336794978696706e-07,2.318546386715435e-06,7.374603325049699e-06,0.032287946428571426,7.374603325049699e-06,0.3721220417769259,-0.00039412250840648033,-1.333890208956906e-06,0.3721286008591512,-0.0003875634261811811,-1.3105053553364343e-06,0.6259259259259259,0.07450323285706648
94,0.169921875,0.830078125,0.169921875,0.5,1.917843904786659e-06,6.749933878846715e-07,2.533324691569012e-07,2.285773514819983e-06,7.430565521214368e-06,0.03128720238095238,7.430565521214368e-06,0.37157679674580407,-0.00039941170705670714,-1.348152842344224e-06,0.3715834011327222,-0.00039280732013857733,-1.3246562145103865e-06,0.6259259259259259,0.07439524169057216
95,0.17578125,0.82421875,0.17578125,0.5,1.9358957072238146e-06,6.743978452522617e-07,2.5330250715800956e-07,2.3387536198065905e-06,7.508301219192857e-06,0.032068452380952385,7.508301219192857e-06,0.371039899689431,-0.00040451613544789655,-1.3617944105044633e-06,0.3710464032517465,-0.00039801257313243354,-1.338681040124448e-06,0.6296296296296297,0.07428888316497578
96,0.181640625,0.818359375,0.181640625,0.5,1.948697482829749e-06,6.729679346219632e-07,2.5325746105420723e-07,2.36970122161701e-06,7.595407155414264e-06,0.032373511904761905,7.595407155414264e-06,0.37051149310221854,-0.0004098025822872886,-1.3759751716791043e-06,0.3705181385965566,-0.0004031570879492463,-1.3524473540202928e-06,0.6333333333333333,0.07418425913690116
97,0.1875,0.8125,0.1875,0.5,1.964091740164159e-06,6.727269899691109e-07,2.5322751508613397e-07,2.414866860824557e-06,7.663041865294669e-06,0.03267857142857143,7.663041865294669e-06,0.3699929729320818,-0.00041500373362290954,-1.389877173171687e-06,0.3699999484615886,-0.0004080282041160621,-1.3653351543984542e-06,0.6370370370370371,0.07408159533314095
98,0.193359375,0.806640625,0.193359375,0.5,1.9646299166817305e-06,6.709793564857635e-07,2.531849954109257e-07,2.397466401235951e-06,7.750684164229343e-06,0.030811011904761904,7.750684164229343e-06,0.3694530278491926,-0.00042031842109224726,-1.4041769617183794e-06,0.3694598561472308,-0.00041349012305402777,-1.3802746194882727e-06,0.6370370370370371,0.07397466925405696
99,0.19921875,0.80078125,0.19921875,0.5,1.9755416912170633e-06,6.698582533615185e-07,2.531422432143162e-07,2.416820170293917e-06,7.844960379285783e-06,0.032068452380952385,7.844960379285783e-06,0.3689286951821745,-0.0004255779051340336,-1.4182573511145862e-06,0.3689356272283625,-0.0004186458589460762,-1.394163760362686e-06,0.6370370370370371,0.0738708546174617
100,0.205078125,0.794921875,0.205078125,0.5,2.0000596309718932e-06,6.684456555676312e-07,2.5310369527579464e-07,2.492457010329889e-06,7.93677273272264e-06,0.031811755952380956,7.93677273272264e-06,0.3684100785270603,-0.000430794794134326,-1.4322116590257511e-06,0.3684170727796913,-0.00042380054150331636,-1.4080520746042832e-06,0.6407407407407407,0.07376817466423892
101,0.2109375,0.7890625,0.2109375,0.5,2.012001187783092e-06,6.679376502980768e-07,2.5306589752896013e-07,2.5337139764631194e-06,7.981470537189704e-06,0.032544642857142855,7.981470537189704e-06,0.3678986217049687,-0.0004360144289582979,-1.4460205010288795e-06,0.367905603227728,-0.0004290329061990006,-1.4218819051835772e-06,0.6481481481481481,0.0736669272267854
102,0.216796875,0.783203125,0.216796875,0.5,1.9935496213330546e-06,6.674218287642148e-07,2.5304078732797803e-07,2.444423197361213e-06,8.048585080711581e-06,0.032459077380952384,8.048585080711581e-06,0.3673876119790222,-0.00044148361017876114,-1.460720926928997e-06,0.3673942739712458,-0.00043482161795516117,-1.4376034019259929e-06,0.6481481481481481,0.07356581911784019
103,0.22265625,0.77734375,0.22265625,0.5,2.0001221717698583e-06,6.657867585312932e-07,2.5298184466270614e-07,2.4514802994234665e-06,8.133789324862512e-06,0.03232514880952381,8.133789324862512e-06,0.3668829994242651,-0.0004467784544485154,-1.4747596228552925e-06,0.3668899573883458,-0.0004398204903678371,-1.4507383059411314e-06,0.6444444444444445,0.07346595557574273
104,0.228515625,0.771484375,0.228515625,0.5,2.00679325154285e-06,6.654204929126891e-07,2.5295874782794566e-07,2.454170588708589e-06,8.220840649196444e-06,0.03033482142857143,8.220840649196444e-06,0.3663855924304921,-0.00045210240720106043,-1.4889335409092454e-06,0.3663927367423151,-0.0004449580953780896,-1.4644011666284655e-06,0.6481481481481481,0.07336753896753864
105,0.234375,0.765625,0.234375,0.5,2.025712642303324e-06,6.652194238360334e-07,2.529269351541231e-07,2.5091980441749857e-06,8.298247594583668e-06,0.032544642857142855,8.298247594583668e-06,0.36589552086486044,-0.00045723462483615585,-1.5024637853966027e-06,0.3659027376446176,-0.000450017845078976,-1.4778614616300033e-06,0.6518518518518519,0.07327055109793933
106,0.240234375,0.759765625,0.240234375,0.5,2.0575088032076087e-06,6.634883697943038e-07,2.5287510123429814e-07,2.61636160529098e-06,8.3857345402978e-06,0.03259300595238095,8.3857345402978e-06,0.3653973867614636,-0.00046266391388816164,-1.5169098129169168e-06,0.36540466821330075,-0.00045538246205101274,-1.4921768533373864e-06,0.6518518518518519,0.07317201013507035
107,0.24609375,0.75390625,0.24609375,0.5,2.0460660899894835e-06,6.622949940165265e-07,2.5283279731515947e-07,2.551337070518463e-06,8.467029158128185e-06,0.031811755952380956,8.467029158128185e-06,0.36490885856879834,-0.0004680659667183895,-1.5312906750609891e-06,0.3649166066907626,-0.0004603178447541434,-1.5051657447416687e-06,0.6481481481481481,0.07307538490710334
108,0.251953125,0.748046875,0.251953125,0.5,2.0543085505954505e-06,6.618058746652278e-07,2.528034209996172e-07,2.5723794437767866e-06,8.524572613197442e-06,0.032202380952380955,8.524572613197442e-06,0.3644215157426153,-0.0004735147661709127,-1.5458420282700122e-06,0.3644294996588226,-0.0004655308499635913,-1.5189494268194386e-06,0.6518518518518519,0.07297900610175723
109,0.2578125,0.7421875,0.2578125,0.5,2.0626908461632137e-06,6.622531662253211e-07,2.52787713170791e-07,2.5955631935684976e-06,8.571121936613889e-06,0.032239583333333335,8.571121936613889e-06,0.3639329835503101,-0.0004787221576859624,-1.5594151017743409e-06,0.36394046294030225,-0.0004712427676938358,-1.5341174080508676e-06,0.6555555555555556,0.07288234114159921
110,0.263671875,0.736328125,0.263671875,0.5,2.075038648422422e-06,6.607973537320095e-07,2.527324768543033e-07,2.6126257269822064e-06,8.6868009415285e-06,0.031982886904761906,8.6868009415285e-06,0.3634574431781392,-0.000484089748270633,-1.5735662775740334e-06,0.363464937400374,-0.0004765955260358501,-1.54826057784769e-06,0.6555555555555556,0.07278830658528197
111,0.26953125,0.73046875,0.26953125,0.5,2.0411307691626243e-06,6.59944192244917e-07,2.5269126569600565e-07,2.4745634120131686e-06,8.723131142733015e-06,0.030982142857142857,8.723131142733015e-06,0.36297576291728756,-0.0004891815888392603,-1.5869980672127333e-06,0.36298332413279455,-0.0004816203733322699,-1.5615632240626788e-06,0.6555555555555556,0.07269298890122537
112,0.275390625,0.724609375,0.275390625,0.5,2.0676824049162417e-06,6.597023063897263e-07,2.526529518710768e-07,2.5339491760366173e-06,8.865903806640984e-06,0.032068452380952385,8.865903806640984e-06,0.36251370684275863,-0.0004943907941267756,-1.600664545515552e-06,0.36252154850035884,-0.0004865491365265706,-1.5744971223593455e-06,0.6555555555555556,0.07260161952737709
113,0.28125,0.71875,0.28125,0.5,2.092976473372933e-06,6.582681843812722e-07,2.5261113310678403e-07,2.6173711814238367e-06,8.944565393066512e-06,0.03172619047619048,8.944565393066512e-06,0.36204562957152436,-0.0004998551238370452,-1.6152193569455892e-06,0.3620536747484585,-0.0004918099469028991,-1.5884953052759188e-06,0.6555555555555556,0.07250909693907227
114,0.287109375,0.712890625,0.287109375,0.5,2.0963383410804755e-06,6.579112133468122e-07,2.525776096554337e-07,2.6044368708367666e-06,9.036929876468007e-06,0.03133556547619047,9.036929876468007e-06,0.3615897316287074,-0.0005054018820030981,-1.6299062796267644e-06,0.36159823164736454,-0.0004969018633459443,-1.6018063990338657e-06,0.6592592592592592,0.07241902670214209
115,0.29296875,0.70703125,0.29296875,0.5,2.071879031894163e-06,6.572923025027304e-07,2.525409686374782e-07,2.512516592259534e-06,9.050370736698849e-06,0.03033482142857143,9.050370736698849e-06,0.3611266259533072,-0.0005105953112111705,-1.6434727495264942e-06,0.36113497784506043,-0.0005022434194579262,-1.6158840903594644e-06,0.6555555555555556,0.07232744425290367
116,0.298828125,0.701171875,0.298828125,0.5,2.101181056673664e-06,6.569889995238341e-07,2.52506937431502e-07,2.6017796712200565e-06,9.146177555560009e-06,0.03111607142857143,9.146177555560009e-06,0.36066827798439194,-0.0005159005878438427,-1.657271631819049e-06,0.36067664787021997,-0.0005075307020158126,-1.6297253496336088e-06,0.6555555555555556,0.07223683571444715
117,0.3046875,0.6953125,0.3046875,0.5,2.0919186870390914e-06,6.562597374846662e-07,2.5246120228510387e-07,2.5459907436522732e-06,9.221936298349728e-06,0.030115327380952385,9.221936298349728e-06,0.36021539864134655,-0.0005211987616715597,-1.6711607414821548e-06,0.36022393844257955,-0.0005126589604385612,-1.643139220679538e-06,0.6592592592592592,0.07214731948060361
118,0.310546875,0.689453125,0.310546875,0.5,2.111871166677857e-06,6.556024953054196e-07,2.5243084471272416e-07,2.5985039121847857e-06,9.318463895063943e-06,0.032202380952380955,9.318463895063943e-06,0.35975429765803957,-0.0005263853194881207,-1.6847693677186828e-06,0.35976268730668653,-0.0005179956708411537,-1.6573675697172455e-06,0.6592592592592592,0.07205613659550554
119,0.31640625,0.68359375,0.31640625,0.5,2.097590784043632e-06,6.55482967647939e-07,2.523872714055709e-07,2.5245608812814803e-06,9.385095937145099e-06,0.03128720238095238,9.385095937145099e-06,0.359307715174962,-0.0005316403321493635,-1.698544330080206e-06,0.3593163364320718,-0.0005230190750395991,-1.670573408403119e-06,0.6666666666666666,0.07196787110142228
120,0.322265625,0.677734375,0.322265625,0.5,2.078599508693508e-06,6.54948276817465e-07,2.523528346330107e-07,2.4380983703980752e-06,9.438693110742484e-06,0.029114583333333333,9.438693110742484e-06,0.35886045304136405,-0.0005366675280593647,-1.7115449987134199e-06,0.3588690651442238,-0.000528055425199625,-1.6836939707183377e-06,0.6666666666666666,0.07187942411388469
121,0.328125,0.671875,0.328125,0.5,2.1283273538143837e-06,6.541417094250699e-07,2.5231838764954615e-07,2.6046735544122973e-06,9.548655332438327e-06,0.029382440476190475,9.548655332438327e-06,0.3584174707496383,-0.0005421986795207667,-1.726171007262621e-06,0.3584262146952327,-0.0005334547339263529,-1.6979714971158207e-06,0.6666666666666666,0.07179193388583181
122,0.333984375,0.666015625,0.333984375,0.5,2.112750232322799e-06,6.545704846216218e-07,2.5228782858330453e-07,2.5296882725665087e-06,9.601138010098468e-06,0.029077380952380955,9.601138010098468e-06,0.3579819227039114,-0.0005475172396912087,-1.7400755241810052e-06,0.35799080949134165,-0.0005386304522609353,-1.7114172777630676e-06,0.6703703703703704,0.07170588798872052
123,0.33984375,0.66015625,0.33984375,0.5,2.117672625086955e-06,6.531592290844121e-07,2.522463896703271e-07,2.5284747980842813e-06,9.686424192511031e-06,0.028601190476190474,9.686424192511033e-06,0.3575428342527526,-0.0005529889234959784,-1.7545159078182263e-06,0.3575518170454966,-0.0005440061307519506,-1.7256570577007298e-06,0.6703703703703704,0.07161916463524971
124,0.345703125,0.654296875,0.345703125,0.5,2.129492192559469e-06,6.532276858886754e-07,2.5220928712633567e-07,2.5356316914800244e-06,9.809898974354239e-06,0.028296130952380955,9.809898974354239e-06,0.357108920788214,-0.0005581020965342298,-1.7677566994056754e-06,0.35711799641179826,-0.000549026472949965,-1.7388089354467202e-06,0.6703703703703704,0.07153340457694965
125,0.3515625,0.6484375,0.3515625,0.5,2.1232823845734677e-06,6.523687868941967e-07,2.521651875447669e-07,2.510010993706333e-06,9.841074271489715e-06,0.027905505952380956,9.841074271489715e-06,0.3566789088236653,-0.0005635775964759615,-1.7821412617620848e-06,0.35668816180882185,-0.0005543246113194344,-1.7527232668473934e-06,0.6703703703703704,0.07144849728402826
126,0.357421875,0.642578125,0.357421875,0.5,2.1242551540512013e-06,6.523877614931529e-07,2.521373991903615e-07,2.4779416112018e-06,9.954402247212911e-06,0.02760044642857143,9.954402247212911e-06,0.35625362770820035,-0.0005689380459105164,-1.7960669149187365e-06,0.35626284067772473,-0.0005597250763861306,-1.7668895514167358e-06,0.674074074074074,0.07136451315082218
127,0.36328125,0.63671875,0.36328125,0.5,2.1096087643894934e-06,6.518536343713818e-07,2.521008616324695e-07,2.425324786998635e-06,9.966466202400107e-06,0.028467261904761905,9.966466202400107e-06,0.35582742322731503,-0.0005743700206674585,-1.8101984470418782e-06,0.3558365475987964,-0.0005652456491860858,-1.7812575616808204e-06,0.674074074074074,0.0712803586495965
128,0.369140625,0.630859375,0.369140625,0.5,2.1112427609552748e-06,6.520336135703366e-07,2.520570385178027e-07,2.379550100401204e-06,1.0119692251848895e-05,0.02681919642857143,1.0119692251848895e-05,0.35541389630906967,-0.0005795638048843865,-1.8237171572619876e-06,0.35542326161788107,-0.0005701984960729822,-1.7941752205980171e-06,0.674074074074074,0.07119869202279082
129,0.375,0.625,0.375,0.5,2.116697795638197e-06,6.509715575300539e-07,2.5201533616646736e-07,2.4046542523714435e-06,1.014171258026627e-05,0.026990327380952382,1.014171258026627e-05,0.35499647943696555,-0.0005848815325058543,-1.8375906331644229e-06,0.3550061813359999,-0.0005751796334714787,-1.8071474789825765e-06,0.6777777777777778,0.07111627219389428
130,0.380859375,0.619140625,0.380859375,0.5,2.1318025346857157e-06,6.507256591334188e-07,2.519760306264879e-07,2.4451217180390435e-06,1.0216639803371677e-05,0.027038690476190473,1.0216639803371677e-05,0.3545797253885988,-0.000589979742374569,-1.8508515372329427e-06,0.35458976151284655,-0.0005799436181267992,-1.8195838565672777e-06,0.6777777777777778,0.07103394102619467
131,0.38671875,0.61328125,0.38671875,0.5,2.1124255441859083e-06,6.511051472399805e-07,2.5194390914521523e-07,2.352990232826485e-06,1.0274359737837665e-05,0.025952380952380956,1.0274359737837665e-05,0.3541722813940716,-0.0005952254735854812,-1.8644557036876972e-06,0.35418237327962165,-0.0005851335880354136,-1.8330496914469962e-06,0.6814814814814815,0.0709535013735314
132,0.392578125,0.607421875,0.392578125,0.5,2.139000565303489e-06,6.501249445401081e-07,2.519015957983275e-07,2.4029408199419475e-06,1.0444741913581636e-05,0.027038690476190473,1.0444741913581636e-05,0.3537576901062301,-0.000600706295394049,-1.878828886415476e-06,0.35376779610148984,-0.000590600300134303,-1.8475558728495113e-06,0.6814814814814815,0.07087167928032483
133,0.3984375,0.6015625,0.3984375,0.5,2.1320249190927767e-06,6.501917874991289e-07,2.5187794853574556e-07,2.3658516805172997e-06,1.0490733816762957e-05,0.025952380952380956,1.0490733816762957e-05,0.35334598033892756,-0.0006062928405383694,-1.8934373975661818e-06,0.3533558134603667,-0.0005964597190992182,-1.862892836125118e-06,0.6814814814814815,0.07079045463589319
134,0.404296875,0.595703125,0.404296875,0.5,2.1212701792593554e-06,6.5010625539041e-07,2.518324807534278e-07,2.3087999889644213e-06,1.0549847691080264e-05,0.02564732142857143,1.0549847691080264e-05,0.35294997391417465,-0.0006114280284458262,-1.9067384498347873e-06,0.3529599124215408,-0.00060148952107969,-1.8759525295714724e-06,0.6851851851851852,0.07071228038852409
135,0.41015625,0.58984375,0.41015625,0.5,2.1097427303506785e-06,6.498733014370469e-07,2.517907185753162e-07,2.2319647069366326e-06,1.0651543115563553e-05,0.025818452380952383,1.0651543115563553e-05,0.35254301856412973,-0.0006167633819971763,-1.920740070549909e-06,0.35255300598520856,-0.0006067759609183487,-1.889825525459442e-06,0.6851851851851852,0.07063195638922537
136,0.416015625,0.583984375,0.416015625,0.5,2.1335287531396723e-06,6.499870030546946e-07,2.517594336000387e-07,2.3086115518063918e-06,1.0720577533322892e-05,0.025866815476190474,1.0720577533322892e-05,0.35215643276423303,-0.0006217961254921245,-1.933696098308142e-06,0.3521667320527255,-0.0006114968369996809,-1.9020663788948088e-06,0.6851851851851852,0.07055564577794504
137,0.421875,0.578125,0.421875,0.5,2.129065975702885e-06,6.49505861550212e-07,2.5170994708302865e-07,2.2885882053591046e-06,1.0752332142287394e-05,0.025342261904761902,1.0752332142287394e-05,0.3517632635560715,-0.0006271354497141557,-1.947667462579212e-06,0.3517738098679426,-0.000616589137843071,-1.9152498538291523e-06,0.6851851851851852,0.07047807980115714
138,0.427734375,0.572265625,0.427734375,0.5,2.120078882512961e-06,6.495330488464027e-07,2.516793772738748e-07,2.236232086180571e-06,1.0816635036729463e-05,0.02486607142857143,1.0816635036729463e-05,0.3513705306347666,-0.0006325603623239529,-1.961910251490045e-06,0.3513811071132186,-0.0006219838838719127,-1.929309882854526e-06,0.6851851851851852,0.0704006181994181
139,0.43359375,0.56640625,0.43359375,0.5,2.115343680122053e-06,6.49364766398765e-07,2.516404632431862e-07,2.199317542368488e-06,1.0886003002025305e-05,0.02551339285714286,1.0886003002025305e-05,0.35098125237255057,-0.0006375665346375903,-1.9747215621826898e-06,0.3509917997963515,-0.0006270191108366796,-1.9423879033352693e-06,0.6851851851851852,0.07032376378143763
140,0.439453125,0.560546875,0.439453125,0.5,2.098496892591716e-06,6.493901970186997e-07,2.516053893777354e-07,2.079544643440713e-06,1.1040283115081837e-05,0.024084821428571428,1.1040283115081837e-05,0.3505937227484537,-0.0006428804259354104,-1.9884883996823186e-06,0.35060420188511104,-0.0006324012892780506,-1.956451604898774e-06,0.6851851851851852,0.07024732063487782
141,0.4453125,0.5546875,0.4453125,0.5,2.086950509993852e-06,6.496011743024548e-07,2.5156003192595695e-07,2.0300226138575893e-06,1.1070963784415342e-05,0.023084077380952382,1.1070963784415342e-05,0.35021874430869815,-0.0006478228881406367,-2.0012079247382552e-06,0.3502295701622019,-0.000636997034636877,-1.968278968642273e-06,0.6851851851851852,0.07017331343936775
142,0.451171875,0.548828125,0.451171875,0.5,2.102104900339143e-06,6.496680584750101e-07,2.5153408691741866e-07,2.084472066140265e-06,1.1109456757779021e-05,0.02252232142857143,1.1109456757779021e-05,0.3498331886332399,-0.0006529960571948767,-2.014664075021533e-06,0.34984394051819073,-0.0006422441722440664,-1.9819776331214504e-06,0.6925925925925925,0.07009723693808696
143,0.45703125,0.54296875,0.45703125,0.5,2.1267578995615184e-06,6.49307550197939e-07,2.5148917299870806e-07,2.1493715356924692e-06,1.1219228956447982e-05,0.02438988095238095,1.1219228956447982e-05,0.3494550301395913,-0.0006583947908672672,-2.0287848482164754e-06,0.349465820474255,-0.0006476044562035432,-1.996045126265774e-06,0.6925925925925925,0.07002268498609171
144,0.462890625,0.537109375,0.462890625,0.5,2.120532535297826e-06,6.494419415405965e-07,2.514574846925251e-07,2.087844519363297e-06,1.1333527378870947e-05,0.024170386904761903,1.1333527378870947e-05,0.3490762864099861,-0.0006637314226793922,-2.0426107620511824e-06,0.34908714755503084,-0.0006528702776346651,-2.009850355296568e-06,0.6925925925925925,0.0699480035665331
145,0.46875,0.53125,0.46875,0.5,2.1129020270556128e-06,6.494448869749747e-07,2.5141397623830004e-07,2.050234371029662e-06,1.137475536731039e-05,0.023389136904761902,1.137475536731039e-05,0.34871025242219267,-0.0006689777533481212,-2.0561018168436477e-06,0.3487211502453732,-0.0006580799301675877,-2.023370152800803e-06,0.6925925925925925,0.06987584603510816
146,0.474609375,0.525390625,0.474609375,0.5,2.1053909198421197e-06,6.494250213023738e-07,2.513594774154229e-07,2.0147159559039687e-06,1.1412125485569747e-05,0.020788690476190478,1.1412125485569747e-05,0.3483416885964506,-0.0006740233752965397,-2.069338896852418e-06,0.3483527836031137,-0.0006629283686334086,-2.0361216657445555e-06,0.6925925925925925,0.06980314239434943
147,0.48046875,0.51953125,0.48046875,0.5,2.0973407100925213e-06,6.497280925770859e-07,2.513331408283331e-07,1.939599160919198e-06,1.1541291517586694e-05,0.02152157738095238,1.1541291517586694e-05,0.3479646437885324,-0.000679193352795926,-2.082862337226296e-06,0.3479758488704935,-0.0006679882708348628,-2.0494529949992117e-06,0.6925925925925925,0.06972876742826567
148,0.486328125,0.513671875,0.486328125,0.5,2.1336034711156147e-06,6.500733847468727e-07,2.512899307619882e-07,2.060374408409604e-06,1.1623760937238335e-05,0.02165550595238095,1.1623760937238335e-05,0.34760039430124207,-0.0006842143222694497,-2.0957911617612394e-06,0.34761171013736863,-0.0006728984861428811,-2.062233728588887e-06,0.6925925925925925,0.06965692172470231
149,0.4921875,0.5078125,0.4921875,0.5,2.1156011953896423e-06,6.497443955052908e-07,2.5125048351823147e-07,1.9553223228786963e-06,1.1731599414708078e-05,0.020874255952380953,1.1731599414708078e-05,0.3472432523447504,-0.0006892974130282004,-2.108845673792672e-06,0.34725464799973504,-0.0006779017580435531,-2.0752421326158065e-06,0.6925925925925925,0.06958650995155573
150,0.498046875,0.501953125,0.498046875,0.5,2.1375026328075833e-06,6.497369980990705e-07,2.512138349195016e-07,2.0460647022356516e-06,1.1747326751862995e-05,0.022046130952380952,1.1747326751862995e-05,0.3468844025887191,-0.0006944799855470585,-2.122229124236529e-06,0.346895793137393,-0.0006830894368731744,-2.088717593909232e-06,0.6925925925925925,0.06951577651485323
151,0.50390625,0.49609375,0.50390625,0.5,2.0920657026623647e-06,6.500584544615452e-07,2.511716409598436e-07,1.8467218453157931e-06,1.1813283452379632e-05,0.02048363095238095,1.1813283452379632e-05,0.34653386289029686,-0.0006995700481753353,-2.1355376365657527e-06,0.3465456936984765,-0.0006877392399957105,-2.100855888981972e-06,0.6925925925925925,0.06944668658769444
152,0.509765625,0.490234375,0.509765625,0.5,2.127175228589845e-06,6.505034377592077e-07,2.511373147982927e-07,1.9525591417429623e-06,1.1921151266698948e-05,0.02109375,1.1921151266698948e-05,0.34617792065973363,-0.000705037551351928,-2.1498371896492663e-06,0.3461897669659509,-0.0006931912451346722,-2.1151726367599384e-06,0.6925925925925925,0.06937659164221711
153,0.515625,0.484375,0.515625,0.5,2.0889307814998225e-06,6.504681092383822e-07,2.5109129125038853e-07,1.800046351919108e-06,1.1943797560567222e-05,0.02095982142857143,1.1943797560567222e-05,0.34582638139780936,-0.0007101596186112058,-2.1632428430824616e-06,0.34583842159732225,-0.0006981194190983087,-2.1280378902819534e-06,0.6925925925925925,0.06930730820328411
154,0.521484375,0.478515625,0.521484375,0.5,2.1150120076428308e-06,6.506258535929598e-07,2.510661777352109e-07,1.8698333214499269e-06,1.2052919515272701e-05,0.020788690476190478,1.2052919515272701e-05,0.34546701265018753,-0.0007154377706911075,-2.176883222028826e-06,0.34547887577117975,-0.0007035746496988904,-2.1423792188322334e-06,0.6925925925925925,0.06923649008417572
155,0.52734375,0.47265625,0.52734375,0.5,2.107894301893594e-06,6.512483404755738e-07,2.5100966842496176e-07,1.8030457747679516e-06,1.2169478799402224e-05,0.020874255952380953,1.2169478799402224e-05,0.3451278301796768,-0.0007203898359320338,-2.189759508545834e-06,0.34513999939972,-0.0007082206158888216,-2.154483730933978e-06,0.6925925925925925,0.06916964400312177
156,0.533203125,0.466796875,0.533203125,0.5,2.105401706241569e-06,6.515276777998742e-07,2.509836743011664e-07,1.7750002901490866e-06,1.2236952702699451e-05,0.019921875,1.2236952702699451e-05,0.34478073581550367,-0.000725884507647101,-2.2042438112140103e-06,0.3447931340096417,-0.000713486313509093,-2.168288588263079e-06,0.6925925925925925,0.06910132406463015
157,0.5390625,0.4609375,0.5390625,0.5,2.1003346332520573e-06,6.522008241680917e-07,2.5093825618386515e-07,1.7482292629347505e-06,1.2273820964042747e-05,0.020788690476190478,1.2273820964042747e-05,0.3444381463259126,-0.0007309876656079184,-2.2175660472140883e-06,0.3444506410679092,-0.0007184929236113136,-2.181423849876771e-06,0.6925925925925925,0.0690338267983041
158,0.544921875,0.455078125,0.544921875,0.5,2.083892493121712e-06,6.518417976907045e-07,2.5088459102457477e-07,1.6446339243302528e-06,1.2393825671997143e-05,0.020093005952380952,1.2393825671997143e-05,0.34409409197898316,-0.0007357677948033325,-2.2301071506707526e-06,0.3441068039833206,-0.0007230557904658874,-2.1935515478190785e-06,0.6925925925925925,0.0689659719547573
159,0.55078125,0.44921875,0.55078125,0.5,2.087934522938299e-06,6.523926873085978e-07,2.508613581151269e-07,1.6635760524753024e-06,1.240803749918217e-05,0.01970238095238095,1.240803749918217e-05,0.3437540600161942,-0.0007410803196571392,-2.2439212363437456e-06,0.3437666379979193,-0.0007285023379320354,-2.2076951213257897e-06,0.6925925925925925,0.06889902806717027
160,0.556640625,0.443359375,0.556640625,0.5,2.099702912536359e-06,6.527304986199523e-07,2.508192697413315e-07,1.6692599820569237e-06,1.2533775360396891e-05,0.020093005952380952,1.2533775360396891e-05,0.3434239432545845,-0.0007461990635627136,-2.2571695198633454e-06,0.34343675573409255,-0.0007333865840546405,-2.220416365052559e-06,0.6925925925925925,0.06883402846362945
161,0.5625,0.4375,0.5625,0.5,2.0939669620085453e-06,6.533211496235807e-07,2.5077843512259654e-07,1.6338968157536642e-06,1.2586018853533522e-05,0.020007440476190477,1.2586018853533522e-05,0.3430813504924085,-0.0007512848904647762,-2.2703659620599355e-06,0.34309388367216,-0.0007387517107133035,-2.234561986695779e-06,0.6925925925925925,0.06876652707657466
162,0.568359375,0.431640625,0.568359375,0.5,2.0963654749729582e-06,6.535111613348226e-07,2.5074058619993444e-07,1.6101310476764442e-06,1.26923998407108e-05,0.019140625,1.26923998407108e-05,0.3427533650896727,-0.0007565493956764313,-2.2839531805510954e-06,0.3427659320391688,-0.0007439824461803468,-2.248254226943692e-06,0.6962962962962963,0.06870198289706983
163,0.57421875,0.42578125,0.57421875,0.5,2.0795276103039812e-06,6.543175005366059e-07,2.506991916888045e-07,1.5373141210126508e-06,1.2726467802979115e-05,0.018444940476190476,1.2726467802979115e-05,0.34243197229923966,-0.0007613621128615966,-2.2964333946498593e-06,0.3424447726008669,-0.0007485618112343384,-2.2601754002303867e-06,0.6962962962962963,0.06863866688242025
164,0.580078125,0.419921875,0.580078125,0.5,2.080501178469854e-06,6.552377991508441e-07,2.5066422451714894e-07,1.493809619660672e-06,1.2864952550019033e-05,0.01970238095238095,1.2864952550019033e-05,0.3420977400670476,-0.0007664194441610594,-2.309639624922832e-06,0.3421103388439106,-0.0007538206672980108,-2.2741424497859882e-06,0.6962962962962963,0.06857283190224173
165,0.5859375,0.4140625,0.5859375,0.5,2.0436342659489224e-06,6.557691389163947e-07,2.506200198712386e-07,1.336506329923969e-06,1.2911306064920563e-05,0.017920386904761904,1.2911306064920563e-05,0.3417713033519274,-0.0007710908446252329,-2.3216461560657264e-06,0.34178354165880764,-0.0007588525377449917,-2.287366583861696e-06,0.6925925925925925,0.06850847883931054
166,0.591796875,0.408203125,0.591796875,0.5,2.07743819354266e-06,6.56089006438177e-07,2.505760909939133e-07,1.4515344856346814e-06,1.2984468418278667e-05,0.018835565476190478,1.298446841827867e-05,0.3414486105012698,-0.000775741127967744,-2.3337141142432496e-06,0.3414608103270244,-0.0007635413022131221,-2.2997830835833695e-06,0.6962962962962963,0.0684448703258475
167,0.59765625,0.40234375,0.59765625,0.5,2.080294575547216e-06,6.565978250978944e-07,2.5053611896827716e-07,1.4411735345166903e-06,1.3060886833741783e-05,0.018054315476190477,1.3060886833741783e-05,0.3411332604540322,-0.0007808027917418636,-2.346890516135246e-06,0.34114570560619906,-0.0007683576395750014,-2.3124659635971622e-06,0.6962962962962963,0.06838281264915481
168,0.603515625,0.396484375,0.603515625,0.5,2.0731645371492293e-06,6.566708589127389e-07,2.504896232537762e-07,1.3806214112174556e-06,1.3164750477341172e-05,0.018921130952380953,1.3164750477341168e-05,0.34080980369327957,-0.0007861069017889855,-2.3607894747497047e-06,0.34082215500446084,-0.0007737555906077165,-2.326751117490177e-06,0.6962962962962963,0.06831918211901371
169,0.609375,0.390625,0.609375,0.5,2.0522309522676544e-06,6.572643215014413e-07,2.504404822243114e-07,1.2846438053467799e-06,1.3217139564890195e-05,0.01861607142857143,1.3217139564890195e-05,0.3405058051013454,-0.0007910241946226804,-2.3737784493807067e-06,0.3405186884203424,-0.0007781408756257213,-2.3383611985924153e-06,0.6962962962962963,0.06825936585919362
170,0.615234375,0.384765625,0.615234375,0.5,2.0714029525598586e-06,6.5819403734524e-07,2.5041250388470585e-07,1.3349801093563718e-06,1.3303451047506586e-05,0.018054315476190477,1.3303451047506583e-05,0.34019463867726035,-0.0007964156292417646,-2.387914227097688e-06,0.34020739343305045,-0.0007836608734516637,-2.3527749156637624e-06,0.6962962962962963,0.06819821086130042
171,0.62109375,0.37890625,0.62109375,0.5,2.0527828015619994e-06,6.589204287996618e-07,2.5037256569919105e-07,1.2607273247182846e-06,1.3324270659303243e-05,0.017358630952380952,1.3324270659303243e-05,0.3398779994003308,-0.0008018181964728477,-2.4021161684990096e-06,0.33989069120883136,-0.0007891263879722943,-2.3670735277059774e-06,0.7,0.06813596351936073
172,0.626953125,0.373046875,0.626953125,0.5,2.034481467936331e-06,6.598214726557295e-07,2.503270601069036e-07,1.1726016616607823e-06,1.3382433814829313e-05,0.016968005952380953,1.3382433814829313e-05,0.3395614462689795,-0.0008073237033789926,-2.416668618391107e-06,0.33957390253704245,-0.0007948674353160379,-2.3822696338461125e-06,0.7037037037037037,0.0680737539944717
173,0.6328125,0.3671875,0.6328125,0.5,2.0510935910780247e-06,6.602051652372316e-07,2.502748495002778e-07,1.2061799554102022e-06,1.3487524649155336e-05,0.01640625,1.3487524649155336e-05,0.3392589368831178,-0.0008118998697932422,-2.4287282214014317e-06,0.33927162128204297,-0.0007992154708680865,-2.393901880418114e-06,0.7037037037037037,0.0680141673505822
174,0.638671875,0.361328125,0.638671875,0.5,2.046209415626387e-06,6.606289471479421e-07,2.5023620121778126e-07,1.1440271954589155e-06,1.3616799741433306e-05,0.016968005952380953,1.3616799741433306e-05,0.33895385236879166,-0.0008169033705604511,-2.4419231751062376e-06,0.3389668488721139,-0.000803906867238191,-2.406332272810493e-06,0.7037037037037037,0.06795415114787041
175,0.64453125,0.35546875,0.64453125,0.5,2.0412310885138218e-06,6.623714684423042e-07,2.5020477739927113e-07,1.1412671740460599e-06,1.3591971391463323e-05,0.016101190476190477,1.3591971391463323e-05,0.33865233135196726,-0.0008217680843518593,-2.454594859432912e-06,0.3386652103297623,-0.0008088891065567982,-2.419408045700234e-06,0.7037037037037037,0.06789481988726383
176,0.650390625,0.349609375,0.650390625,0.5,2.031787603559372e-06,6.62992039585554e-07,2.5016502044481476e-07,1.060985900718274e-06,1.3720479117900814e-05,0.014929315476190478,1.3720479117900814e-05,0.33834954575039755,-0.0008268378979545132,-2.4678507270179404e-06,0.3383623704562484,-0.0008140131921036686,-2.4329860038175134e-06,0.7037037037037037,0.06783527672967042
177,0.65625,0.34375,0.65625,0.5,2.031585317352504e-06,6.636386497758191e-07,2.5010830794636525e-07,1.0489104429357804e-06,1.3770983436683185e-05,0.01579613095238095,1.3770983436683185e-05,0.3380496922247824,-0.0008321009764280518,-2.481927103605453e-06,0.33806271258874787,-0.0008190806124626082,-2.446524310966195e-06,0.7037037037037037,0.06777635864024209
178,0.662109375,0.337890625,0.662109375,0.5,2.027110109372006e-06,6.64581127142839e-07,2.5007302614462117e-07,1.0200382789520048e-06,1.3819691121755331e-05,0.015014880952380951,1.3819691121755331e-05,0.33775395294826205,-0.0008368763169469551,-2.4943706939359626e-06,0.33776705830086573,-0.0008237709643432733,-2.458960771043882e-06,0.7074074074074074,0.0677181658530418
179,0.66796875,0.33203125,0.66796875,0.5,2.0191220714746667e-06,6.660862730294044e-07,2.5003291735986323e-07,9.381677280820413e-07,1.396404506344641e-05,0.013366815476190477,1.396404506344641e-05,0.3374503553204154,-0.0008420766362836618,-2.508112130094188e-06,0.33746318168705386,-0.0008292502696451987,-2.47354930340215e-06,0.7111111111111111,0.06765848639133981
180,0.673828125,0.326171875,0.673828125,0.5,2.020446119931872e-06,6.665111404530506e-07,2.499766166915439e-07,9.099395494242769e-07,1.4071227692667363e-05,0.012976190476190478,1.4071227692667363e-05,0.33716598998805014,-0.0008462270204091515,-2.519038131462649e-06,0.3371792163364031,-0.0008330006720562166,-2.4837630557168755e-06,0.7148148148148148,0.06760244340169186
181,0.6796875,0.3203125,0.6796875,0.5,2.0038719059015734e-06,6.681144749008704e-07,2.4993687959123305e-07,8.469250783397452e-07,1.4082562457277856e-05,0.012280505952380952,1.4082562457277856e-05,0.33688050559737226,-0.0008510349392570893,-2.531933974818715e-06,0.33689395969819835,-0.0008375808384309957,-2.4959670739679255e-06,0.7148148148148148,0.06754630810732587
182,0.685546875,0.314453125,0.685546875,0.5,2.035372682115496e-06,6.684785088693732e-07,2.4989391481445117e-07,9.490335953244833e-07,1.4165951347924972e-05,0.013757440476190477,1.4165951347924972e-05,0.3365979303482484,-0.0008559144143454045,-2.5449555910088233e-06,0.33661164546464023,-0.0008421992979535942,-2.508383094617793e-06,0.7148148148148148,0.06749076895251876
183,0.69140625,0.30859375,0.69140625,0.5,2.013140318623176e-06,6.698968821907742e-07,2.4985748945421595e-07,8.359626409374993e-07,1.4246706375822874e-05,0.013452380952380952,1.4246706375822874e-05,0.33631099821867083,-0.0008615575192508218,-2.5599994882860946e-06,0.33632461410862186,-0.0008479416292997977,-2.5237730831205126e-06,0.7148148148148148,0.06743451114758432
184,0.697265625,0.302734375,0.697265625,0.5,2.0329677295625175e-06,6.705552093172191e-07,2.4979219642018773e-07,9.133840444946204e-07,1.4274500942861746e-05,0.01328125,1.4274500942861746e-05,0.3360365131193212,-0.0008660137511388721,-2.572249314239936e-06,0.3360509029034731,-0.0008516239669869585,-2.533968810376091e-06,0.7148148148148148,0.06738050537409201
185,0.703125,0.296875,0.703125,0.5,2.0300093796274272e-06,6.721761648756409e-07,2.4977419276023743e-07,8.638692334112791e-07,1.4388672930426092e-05,0.013366815476190477,1.4388672930426092e-05,0.33574668491588355,-0.0008712037925164284,-2.5858596925478795e-06,0.3357606280286522,-0.0008572606797477844,-2.5488985661086764e-06,0.7148148148148148,0.06732357774168
186,0.708984375,0.291015625,0.708984375,0.5,2.01003448420868e-06,6.735824710500334e-07,2.4973074064013174e-07,7.78670046309511e-07,1.4422887557586016e-05,0.012585565476190478,1.4422887557586016e-05,0.3354727870765237,-0.0008758370069213428,-2.597864786011209e-06,0.33548646462802045,-0.0008621594554246159,-2.5618070046149258e-06,0.7148148148148148,0.06726972481668901
187,0.71484375,0.28515625,0.71484375,0.5,2.0163038062359327e-06,6.751455698716716e-07,2.4967628891929256e-07,7.654220758761899e-07,1.4539467737010157e-05,0.011804315476190475,1.4539467737010157e-05,0.3351909955171876,-0.000880633114136109,-2.6107141111825715e-06,0.3352047586778244,-0.0008668699534993274,-2.5746122717983447e-06,0.7148148148148148,0.06721432572626475
188,0.720703125,0.279296875,0.720703125,0.5,2.0317885048035856e-06,6.761750681867208e-07,2.4962678428478134e-07,8.07798548347477e-07,1.4610784807015098e-05,0.0125,1.4610784807015098e-05,0.3349211198747973,-0.0008857562106081573,-2.6246019065472893e-06,0.33493509671617727,-0.000871779369228165,-2.5880179738872267e-06,0.7148148148148148,0.06716137521708108
189,0.7265625,0.2734375,0.7265625,0.5,2.0240122016885333e-06,6.772641294047548e-07,2.495912816328417e-07,7.705148752886088e-07,1.4648504069209066e-05,0.01171875,1.4648504069209066e-05,0.33464978264421363,-0.0008907211719564323,-2.637931135035824e-06,0.33466377232143474,-0.0008767314947353277,-2.6013297203088064e-06,0.7148148148148148,0.06710810076323401
190,0.732421875,0.267578125,0.732421875,0.5,2.025470725239808e-06,6.783009436552931e-07,2.49528844985869e-07,7.438010071430255e-07,1.475261594253903e-05,0.012109375,1.475261594253903e-05,0.3343698689984001,-0.0008948649090851357,-2.6492700325179063e-06,0.3343840942324743,-0.0008806396750109524,-2.6121540234294626e-06,0.7148148148148148,0.06705294678149705
191,0.73828125,0.26171875,0.73828125,0.5,2.013048458172991e-06,6.800732729881007e-07,2.4949982989958257e-07,6.664093165496994e-07,1.484257155827661e-05,0.011328125,1.484257155827661e-05,0.3340991390523301,-0.0009003238156628512,-2.6639718059907934e-06,0.33411338566474,-0.0008860772032528996,-2.626744620290813e-06,0.7148148148148148,0.06699989257359859
192,0.744140625,0.255859375,0.744140625,0.5,2.0227807150354915e-06,6.817260876195335e-07,2.494603563017052e-07,7.129831013420437e-07,1.4844753435493772e-05,0.01171875,1.4844753435493772e-05,0.33382950527525757,-0.0009056884134074905,-2.678174433385478e-06,0.33384342053455346,-0.000891773154111597,-2.641869998121617e-06,0.7148148148148148,0.06694703873773301
193,0.75,0.25,0.75,0.5,2.0041168559873e-06,6.833336741750911e-07,2.494063566181368e-07,6.236076060989062e-07,1.4903267684551982e-05,0.01015625,1.4903267684551982e-05,0.33357486179235923,-0.0009100289239526993,-2.6895862497881362e-06,0.33358882339561025,-0.0008960673207016878,-2.6534417157459333e-06,0.7148148148148148,0.06689697814326238
194,0.75,0.25,0.75,0.5,2.015749755972594e-06,6.847151190211446e-07,2.4935979487981275e-07,6.247566067984422e-07,1.5013619783578377e-05,0.010632440476190476,1.5013619783578377e-05,0.33331640250645206,-0.0009152144484321223,-2.703424855773505e-06,0.333330276104549,-0.0009013408503351639,-2.6675749599365203e-06,0.7148148148148148,0.06684632339097683
195,0.75,0.25,0.75,0.5,2.0124598662818e-06,6.865544248909554e-07,2.4931151972200787e-07,5.973889380065283e-07,1.5044903857659234e-05,0.010632440476190476,1.5044903857659234e-05,0.3330592614104084,-0.0009196152355321896,-2.7151405679267412e-06,0.3330733204378041,-0.0009055562081365376,-2.6790649066799717e-06,0.7185185185185186,0.06679577532918812
196,0.75,0.25,0.75,0.5,2.0055644660018393e-06,6.88058899746495e-07,2.492717764279091e-07,5.258852668903749e-07,1.5151245920216898e-05,0.008679315476190476,1.5151245920216898e-05,0.3327968741838455,-0.0009248820551334136,-2.7292685762005933e-06,0.33281087690042527,-0.0009108793385536607,-2.693469631671777e-06,0.7185185185185186,0.06674435124779578
197,0.75,0.25,0.75,0.5,2.0112965190428377e-06,6.900787571186913e-07,2.4922382185938904e-07,5.100268417045937e-07,1.5243522529424744e-05,0.007507440476190476,1.5243522529424744e-05,0.3325353926043829,-0.0009292708372706793,-2.741096694400377e-06,0.33254938068523743,-0.0009152827564161692,-2.7055577544475356e-06,0.7185185185185186,0.06669293268833072
198,0.75,0.25,0.75,0.5,2.0178604418872324e-06,6.924578731409806e-07,2.49188552863592e-07,4.901421662447444e-07,1.535319017393107e-05,0.0078125,1.535319017393107e-05,0.33227386543286974,-0.0009336005580038442,-2.7523972643262156e-06,0.332287413124696,-0.0009200528661775786,-2.7184070992747247e-06,0.7185185185185186,0.06664149319817471
199,0.75,0.25,0.75,0.5,2.0293532190629805e-06,6.929101676114096e-07,2.4912510797456063e-07,5.24644690692703e-07,1.538120673506032e-05,0.008203125,1.538120673506032e-05,0.33202459787826855,-0.0009393343269263887,-2.7683600820637734e-06,0.33203851676721785,-0.000925415437977084,-2.7332130501644676e-06,0.7185185185185186,0.06659278644103898
200,0.75,0.25,0.75,0.5,2.029112295797662e-06,6.952485704980873e-07,2.4907992607698285e-07,4.97635570930301e-07,1.5440813158828278e-05,0.0078125,1.5440813158828278e-05,0.33177554796271114,-0.0009438048470704619,-2.7806288865109795e-06,0.3317897028535257,-0.0009296499562558846,-2.7450121499334183e-06,0.7185185185185186,0.06654387056195632
201,0.75,0.25,0.75,0.5,2.0357614138906943e-06,6.962979232648608e-07,2.4902849734062874e-07,4.802998399439009e-07,1.5548406000830324e-05,0.0078125,1.5548406000830324e-05,0.3315375635637461,-0.0009483547886114385,-2.7933271452467226e-06,0.33155249307932433,-0.0009334252730331949,-2.7557718039494827e-06,0.7185185185185186,0.0664971836704715
202,0.75,0.25,0.75,0.5,2.0296440166440127e-06,6.98964917417517e-07,2.490023177064442e-07,4.158261274016046e-07,1.564194517159399e-05,0.007507440476190476,1.564194517159399e-05,0.3312868617763158,-0.00095356505687888,-2.8074564422558065e-06,0.33130167739436495,-0.0009387494388297113,-2.7702441182886014e-06,0.7185185185185186,0.06644808536663893
203,0.75,0.25,0.75,0.5,2.0252017322439404e-06,7.009046344126639e-07,2.4895133974414666e-07,4.115625721902525e-07,1.5603714257851015e-05,0.00703125,1.5603714257851015e-05,0.3310355372050871,-0.0009585014795274183,-2.820795469733381e-06,0.3310501718454728,-0.000943866839141716,-2.784232543990119e-06,0.7185185185185186,0.0663988077369229
204,0.75,0.25,0.75,0.5,2.0254941153661845e-06,7.031485012000539e-07,2.489128409950969e-07,3.9289130861904725e-07,1.5647995321650865e-05,0.00703125,1.5647995321650865e-05,0.3307925106604494,-0.000963076436470145,-2.8333065775492e-06,0.3308069619218921,-0.0009486251750274732,-2.7973177668886694e-06,0.7185185185185186,0.0663511174193839
205,0.75,0.25,0.75,0.5,2.0494831446165327e-06,7.04957086148133e-07,2.4886333181450665e-07,4.1222330553409344e-07,1.5835405478350955e-05,0.007421875,1.5835405478350955e-05,0.3305609543285023,-0.0009678941680145159,-2.846294059680014e-06,0.33057550845476885,-0.0009533400417479632,-2.8102306572525297e-06,0.7185185185185186,0.06630576969930337
206,0.75,0.25,0.75,0.5,2.0404875500234884e-06,7.06811103733518e-07,2.4882921642253815e-07,3.703372109663261e-07,1.5845785590316233e-05,0.00703125,1.5845785590316233e-05,0.33030864683926553,-0.0009728848432811188,-2.859853707405462e-06,0.3303229028638612,-0.0009586288186854697,-2.8246611561411864e-06,0.7185185185185186,0.06625630633650932
207,0.75,0.25,0.75,0.5,2.0317090911774593e-06,7.088281042656037e-07,2.4876950040637063e-07,3.154305567612233e-07,1.5890673006159745e-05,0.005859375,1.5890673006159745e-05,0.3300738945250844,-0.0009775018739620056,-2.872714632675419e-06,0.3300884591487306,-0.0009629372503158207,-2.8367761255202275e-06,0.7185185185185186,0.06621027927980928
208,0.75,0.25,0.75,0.5,2.052298619258548e-06,7.112351712125655e-07,2.487263974445695e-07,3.3904155816296896e-07,1.6031846388312372e-05,0.00625,1.6031846388312372e-05,0.329837609084517,-0.0009821939386983614,-2.88577106427639e-06,0.3298522595928963,-0.0009675434303190178,-2.849741411705168e-06,0.7185185185185186,0.06616396060464307
209,0.75,0.25,0.75,0.5,2.049548717361473e-06,7.140973445093781e-07,2.48703191632888e-07,3.141744359192681e-07,1.6059533785296457e-05,0.006640625,1.6059533785296457e-05,0.3296006280175628,-0.0009869463729250127,-2.898538316432485e-06,0.32961479699185314,-0.0009727773986346611,-2.864027406921613e-06,0.7185185185185186,0.06611751487809757
210,0.75,0.25,0.75,0.5,2.0401574567678297e-06,7.152684897392906e-07,2.4865904592527585e-07,2.453014070638576e-07,1.6135206981230855e-05,0.005554315476190476,1.6135206981230855e-05,0.32936376713187604,-0.0009919857451035075,-2.912244657506265e-06,0.32937764607017433,-0.0009781068068052123,-2.8784241785894922e-06,0.7185185185185186,0.0660711505753959
211,0.75,0.25,0.75,0.5,2.055733497099307e-06,7.176936909987182e-07,2.4859927555830986e-07,2.6478099693768785e-07,1.6236653684464727e-05,0.005078125,1.6236653684464727e-05,0.3291280229393854,-0.000995979818718018,-2.923451704673881e-06,0.32914201715747693,-0.0009819856006265115,-2.889596360960403e-06,0.7185185185185186,0.06602480055162069
212,0.75,0.25,0.75,0.5,2.0678622692492254e-06,7.195746971193874e-07,2.485556694171281e-07,2.7067610191959003e-07,1.6338828174266346e-05,0.00546875,1.6338828174266346e-05,0.3289047927851748,-0.0010008280573330364,-2.9370539979061924e-06,0.3289192914041933,-0.0009863294383145593,-2.9020067654744047e-06,0.7222222222222222,0.06598112416850158
213,0.75,0.25,0.75,0.5,2.063715237790485e-06,7.222468423885079e-07,2.485180491730203e-07,2.3613906279251752e-07,1.6377302246154634e-05,0.004296875,1.6377302246154634e-05,0.32867956345734334,-0.0010056682916833037,-2.9502825967899805e-06,0.32869408673241884,-0.0009911450166077973,-2.915354817423308e-06,0.7222222222222222,0.06593704634980534
214,0.75,0.25,0.75,0.5,2.061541536254893e-06,7.247611607394252e-07,2.4846655443429316e-07,2.0979407496667014e-07,1.6415528115026494e-05,0.004296875,1.6415528115026494e-05,0.3284655273695302,-0.0010094120305355059,-2.9607501492265754e-06,0.3284802317395484,-0.0009947076605173466,-2.925647326578059e-06,0.7222222222222222,0.06589498788001315
215,0.75,0.25,0.75,0.5,2.0721854267650348e-06,7.262748904496675e-07,2.484233788158502e-07,2.1836540802452638e-07,1.6497078180345988e-05,0.004296875,1.6497078180345988e-05,0.3282376025071771,-0.001015192178396629,-2.97687564413166e-06,0.3282523015511226,-0.001000493134451108,-2.9415753632697347e-06,0.725925925925926,0.06585055893711475
216,0.75,0.25,0.75,0.5,2.0715005879219705e-06,7.291188216809231e-07,2.4838889987510165e-07,2.1035844816005325e-07,1.6503395955554e-05,0.004296875,1.6503395955554e-05,0.32801801179465523,-0.0010202420493927167,-2.9909304917907927e-06,0.3280327500433321,-0.0010055038007158457,-2.9555947341876397e-06,0.725925925925926,0.0658076507688096
217,0.75,0.25,0.75,0.5,2.0791090004479963e-06,7.318116183705566e-07,2.483568913347673e-07,1.9089368287472912e-07,1.6621650066355992e-05,0.004296875,1.6621650066355992e-05,0.32780713572242154,-0.0010261008413368078,-3.006923731234683e-06,0.3278217176775905,-0.0010115188861678504,-2.972003003786467e-06,0.7222222222222222,0.06576664731275167
218,0.75,0.25,0.75,0.5,2.0790827935508533e-06,7.353346609381089e-07,2.4831028188816597e-07,1.586116458163027e-07,1.6693635054461262e-05,0.00390625,1.6693635054461262e-05,0.3275885058432734,-0.0010298876515458244,-3.016995456963333e-06,0.3276024920617199,-0.0010159014330993754,-2.9842155547933993e-06,0.725925925925926,0.06572367869896385
219,0.75,0.25,0.75,0.5,2.0804251727141367e-06,7.373454790181929e-07,2.4826039929996136e-07,1.57526506105554e-07,1.6705118769582287e-05,0.00390625,1.6705118769582287e-05,0.3273686621619308,-0.001034895410193415,-3.0310509048513167e-06,0.32738244283276,-0.0010211147393641706,-2.9989004083369616e-06,0.725925925925926,0.06568071151442484
220,0.75,0.25,0.75,0.5,2.1064987989141274e-06,7.391543719966012e-07,2.482188683970588e-07,1.6327993678699662e-07,1.6947260704204337e-05,0.00390625,1.6947260704204337e-05,0.3271602550756683,-0.0010395044515297824,-3.043543991578879e-06,0.3271741927534883,-0.0010255667737097962,-3.011176584518738e-06,0.725925925925926,0.06563995190543961
221,0.75,0.25,0.75,0.5,2.0983924960008737e-06,7.419608331287008e-07,2.481858070874521e-07,1.518478054291731e-07,1.6888009810458166e-05,0.00390625,1.6888009810458166e-05,0.3269414867625665,-0.0010446194064044345,-3.057978495853782e-06,0.3269553907062687,-0.0010307154627022252,-3.025460868771781e-06,0.725925925925926,0.06559722123379419
222,0.75,0.25,0.75,0.5,2.0998094866610657e-06,7.450277376577186e-07,2.48121750714679e-07,1.1933458869894334e-07,1.6976275920358913e-05,0.003125,1.6976275920358913e-05,0.32674943870643675,-0.001047853105792973,-3.0676486482177556e-06,0.326763899523086,-0.0010333922891437308,-3.0340414378559797e-06,0.725925925925926,0.06555945836244594
223,0.75,0.25,0.75,0.5,2.100656755714914e-06,7.478306390433584e-07,2.480956365610565e-07,1.0005131386115959e-07,1.702614540067992e-05,0.00234375,1.702614540067992e-05,0.3265394241898104,-0.0010529662571795995,-3.0812830777017346e-06,0.3265535895287087,-0.0010388009182812907,-3.0486990940645003e-06,0.725925925925926,0.065518478089398
224,0.75,0.25,0.75,0.5,2.1182093629394444e-06,7.506644771488863e-07,2.480685248293903e-07,1.1790866767179103e-07,1.7150146831122327e-05,0.002734375,1.7150146831122327e-05,0.3263178288597417,-0.0010588559904357586,-3.0973171312804115e-06,0.3263313370028142,-0.001045347847363265,-3.0663917160861907e-06,0.725925925925926,0.06547533697003549
225,0.75,0.25,0.75,0.5,2.1143009386224642e-06,7.538516144346993e-07,2.480040891987534e-07,9.737140459979265e-08,1.7154921169647758e-05,0.002734375,1.7154921169647758e-05,0.3261086821123015,-0.0010636945410238408,-3.1112725603870523e-06,0.32612203052651234,-0.0010503461268129843,-3.0808507977502083e-06,0.725925925925926,0.06543447533066506
226,0.75,0.25,0.75,0.5,2.119731537493056e-06,7.560069630297548e-07,2.479688609501185e-07,8.685390690071036e-08,1.7230396742978507e-05,0.001953125,1.7230396742978507e-05,0.32591291270387673,-0.0010682730381222916,-3.1242524869348623e-06,0.32592663812872447,-0.001054547613274559,-3.0930695885151454e-06,0.725925925925926,0.06539623714839982
227,0.75,0.25,0.75,0.5,2.122471270548917e-06,7.582603192057692e-07,2.479142789984325e-07,9.022612850204202e-08,1.72441394937314e-05,0.00234375,1.72441394937314e-05,0.3257174864894955,-0.0010725055425275243,-3.136660531278591e-06,0.3257314769012599,-0.0010585151307631047,-3.1047797084663873e-06,0.725925925925926,0.0653579984064046
228,0.75,0.25,0.75,0.5,2.137421643722659e-06,7.607418210221286e-07,2.478763713009082e-07,8.768682151964833e-08,1.739407204611534e-05,0.00234375,1.739407204611534e-05,0.32552521049086985,-0.0010779976779154432,-3.152262668039852e-06,0.3255396159137315,-0.0010635922550538135,-3.119258415044241e-06,0.725925925925926,0.06532064163375706
229,0.75,0.25,0.75,0.5,2.1373936522248944e-06,7.636129626598571e-07,2.478349505450307e-07,7.662126377879376e-08,1.7414588827064587e-05,0.001953125,1.7414588827064587e-05,0.32533911790639414,-0.0010833146881210065,-3.167870087191849e-06,0.32535394553992497,-0.0010684870545901726,-3.1335558220309777e-06,0.725925925925926,0.06528448651890303
230,0.75,0.25,0.75,0.5,2.1389210810706537e-06,7.668981470991478e-07,2.478100135709094e-07,6.907739453661504e-08,1.7440696854835303e-05,0.001171875,1.7440696854835303e-05,0.32514931203894776,-0.0010876636783701543,-3.17973703265926e-06,0.3251638171080802,-0.0010731586092377343,-3.1465100373817816e-06,0.725925925925926,0.06524739514346357
231,0.75,0.25,0.75,0.5,2.1540308022588107e-06,7.703509426177901e-07,2.477621376048013e-07,6.493504511575956e-08,1.7593877021218224e-05,0.001171875,1.7593877021218224e-05,0.32494811671627216,-0.0010915243040782174,-3.1898889866088407e-06,0.3249619133945933,-0.0010777276257570856,-3.158973094493072e-06,0.7296296296296296,0.06520792820407008
232,0.75,0.25,0.75,0.5,2.1620691426528702e-06,7.737814017084314e-07,2.4772040879183477e-07,6.082860888635688e-08,1.767626333410297e-05,0.001171875,1.767626333410297e-05,0.32475339057436287,-0.0010973509135069337,-3.205901287930946e-06,0.32476667216140664,-0.0010840693264631551,-3.1763779412995923e-06,0.7296296296296296,0.06517014829757395
233,0.75,0.25,0.75,0.5,2.1589596717572774e-06,7.764034986737486e-07,2.4769114763557953e-07,5.368690097755802e-08,1.7656687111177656e-05,0.001171875,1.765668711117766e-05,0.32456640528846026,-0.0011021607562971547,-3.218851643884248e-06,0.32457915159013073,-0.0010894144546266804,-3.191018153902471e-06,0.7296296296296296,0.06513371320895148
234,0.75,0.25,0.75,0.5,2.167331832247185e-06,7.791857629676165e-07,2.4761988277686335e-07,5.300631295472678e-08,1.773568901183951e-05,0.001171875,1.773568901183951e-05,0.32438697789283627,-0.001107470171917424,-3.2347608741953174e-06,0.32440023885892316,-0.001094209205830532,-3.2054639543548005e-06,0.7296296296296296,0.06509888961295074
235,0.75,0.25,0.75,0.5,2.1826419591731284e-06,7.814576280685403e-07,2.4758530282175946e-07,5.102397400275332e-08,1.788832581538985e-05,0.001171875,1.788832581538985e-05,0.32420605317852186,-0.001112893219901323,-3.250311295225814e-06,0.32421940851775055,-0.0010995378806726297,-3.220729115526919e-06,0.7296296296296296,0.06506378927968465
236,0.75,0.25,0.75,0.5,2.187228879072808e-06,7.848758218301986e-07,2.475425230638335e-07,4.374920382025499e-08,1.7944157303623198e-05,0.001171875,1.7944157303623198e-05,0.3240167746540864,-0.001117576206513371,-3.264093871017948e-06,0.32403040259033594,-0.0011039482702638326,-3.233727787393774e-06,0.7296296296296296,0.06502687017211994
237,0.75,0.25,0.75,0.5,2.1943183956904663e-06,7.889070887781061e-07,2.475228416665823e-07,2.9238420194851143e-08,1.8041398871972905e-05,0.00078125,1.8041398871972905e-05,0.32382301789496143,-0.0011235753522101932,-3.2801788079747565e-06,0.32383595511815894,-0.0011106381290126865,-3.2516539484840276e-06,0.7296296296296296,0.06498931864943432
238,0.75,0.25,0.75,0.5,2.193590133412207e-06,7.912272560107649e-07,2.4747562029486883e-07,2.4543615142103188e-08,1.804040700402838e-05,0.00078125,1.8040407004028384e-05,0.32365054711344216,-0.0011287414655139494,-3.2950497733109626e-06,0.3236637338488569,-0.001115554730099222,-3.265810479566181e-06,0.7296296296296296,0.06495585771579122
239,0.75,0.25,0.75,0.5,2.2022983019939336e-06,7.943122576428693e-07,2.474381583722773e-07,3.1989793667589614e-08,1.8101441703871113e-05,0.001171875,1.8101441703871113e-05,0.32347192446805845,-0.0011341777872527214,-3.3105156101945893e-06,0.32348495169353886,-0.0011211505617723105,-3.281600754857588e-06,0.7296296296296296,0.06492122045106223
240,0.75,0.25,0.75,0.5,2.207951483392691e-06,7.979367494158368e-07,2.4739186478265286e-07,1.975772071639674e-08,1.8179839672726433e-05,0.00078125,1.8179839672726433e-05,0.3232979694134335,-0.001138852419278913,-3.3236997577687196e-06,0.32331093671410027,-0.0011258851186121133,-3.295078137777012e-06,0.7296296296296296,0.06488736436654248
241,0.75,0.25,0.75,0.5,2.2176624889981354e-06,8.007633514714615e-07,2.473449470818637e-07,1.3882490235953178e-08,1.828492318259884e-05,0.00078125,1.828492318259884e-05,0.3231207345266176,-0.001143592302462526,-3.3374897073821337e-06,0.32313400268636533,-0.0011303241427148003,-3.308179997279278e-06,0.7296296296296296,0.06485286536581603
242,0.75,0.25,0.75,0.5,2.220851552337716e-06,8.052406914306455e-07,2.4731417251852636e-07,1.5103549060794912e-08,1.8302798628259605e-05,0.001171875,1.8302798628259605e-05,0.3229413149302568,-0.0011472425364859595,-3.348392947795744e-06,0.3229545601509275,-0.0011339973158152605,-3.319269569313052e-06,0.7296296296296296,0.06481771149334854
243,0.75,0.25,0.75,0.5,2.2218777505877018e-06,8.082894343570746e-07,2.472704524923351e-07,1.58338329615728e-08,1.8303940943887884e-05,0.001171875,1.8303940943887884e-05,0.32276104879166406,-0.0011529512798042485,-3.3642040773967496e-06,0.3227739171032434,-0.0011400829682249314,-3.3362546530321105e-06,0.7296296296296296,0.06478280001429366
244,0.75,0.25,0.75,0.5,2.2340637607390847e-06,8.115804771809271e-07,2.4722013514193723e-07,7.663210700530575e-09,1.8438377374122676e-05,0.00078125,1.8438377374122676e-05,0.32260304464619266,-0.0011571809862820914,-3.376777150358853e-06,0.32261625277217054,-0.0011439728603042099,-3.3482851372101984e-06,0.7296296296296296,0.06475204512649495
245,0.75,0.25,0.75,0.5,2.243532085577071e-06,8.138626209335487e-07,2.471900962621471e-07,1.2003893613550359e-08,1.8516728847436855e-05,0.00078125,1.851672884743686e-05,0.32244001706863895,-0.001163475906034217,-3.394948980257103e-06,0.3224530064643231,-0.0011504865103500461,-3.3666561305137257e-06,0.7296296296296296,0.06472069859493464
246,0.75,0.25,0.75,0.5,2.2525149162133027e-06,8.180345739060201e-07,2.471470619142027e-07,5.711931262502266e-09,1.8612179934855197e-05,0.00078125,1.8612179934855197e-05,0.32227275854380305,-0.0011683264455158437,-3.4092393209708173e-06,0.32228609653945617,-0.001154988449862726,-3.3799609470702577e-06,0.7296296296296296,0.06468821699786377
247,0.75,0.25,0.75,0.5,2.257447109389388e-06,8.21638075455986e-07,2.471187012620278e-07,6.897501470069095e-09,1.8649741892113532e-05,0.0015625,1.8649741892113532e-05,0.32211895291337445,-0.0011734475109604903,-3.4232668938542505e-06,0.3221322416473977,-0.001160158776937259,-3.394333707834791e-06,0.7296296296296296,0.06465848008486699
248,0.75,0.25,0.75,0.5,2.261855915367817e-06,8.257030549882215e-07,2.4707010501532273e-07,4.936012835206512e-09,1.868893569650468e-05,0.001171875,1.868893569650468e-05,0.3219508852094743,-0.001178883490483451,-3.4388352572810137e-06,0.3219640105812238,-0.0011657581187339283,-3.410313632410864e-06,0.7296296296296296,0.06462595373999155
249,0.75,0.25,0.75,0.5,2.2633659581663325e-06,8.287127401060318e-07,2.470452147644551e-07,4.8416453889274165e-09,1.8696934507192507e-05,0.001171875,1.8696934507192507e-05,0.3218015052766553,-0.0011836603288893355,-3.4512714733523882e-06,0.32181382879493853,-0.001171336810606105,-3.425269211012141e-06,0.725925925925926,0.06459703312110893
250,0.75,0.25,0.75,0.5,2.268512971549558e-06,8.315656805041044e-07,2.469819825725601e-07,2.06887472754564e-09,1.8748678458122258e-05,0.00078125,1.8748678458122258e-05,0.32164670144775653,-0.0011881324317981057,-3.4648070596947963e-06,0.3216593086951435,-0.0011755251844111636,-3.4379128771147354e-06,0.7296296296296296,0.06456696677591092
251,0.75,0.25,0.75,0.5,2.2902082894582825e-06,8.36284828015766e-07,2.46958070576624e-07,4.990518378926445e-09,1.8946708999271413e-05,0.00078125,1.8946708999271413e-05,0.3214857350173966,-0.0011923273817587288,-3.476300888813192e-06,0.3214979558546468,-0.001180106544508508,-3.450738807389618e-06,0.7296296296296296,0.06453561247983106
252,0.75,0.25,0.75,0.5,2.289713523101872e-06,8.390767996386036e-07,2.46904743616223e-07,1.4724564101429443e-09,1.8943976513775184e-05,0.000390625,1.8943976513775184e-05,0.32133250775498545,-0.0011993481297822295,-3.496762996040557e-06,0.3213452470844264,-0.0011866088003412711,-3.4693913920249946e-06,0.7296296296296296,0.06450637117695354
253,0.75,0.25,0.75,0.5,2.306854497385407e-06,8.425390575241464e-07,2.468690730904476e-07,3.2420307707545225e-09,1.910257420493846e-05,0.00078125,1.910257420493846e-05,0.3211854312620086,-0.0012044118265707726,-3.511056822083267e-06,0.32119822209731536,-0.0011916209912640197,-3.4835987165591662e-06,0.7296296296296296,0.06447796861771588
254,0.75,0.25,0.75,0.5,2.3002241191242296e-06,8.48223207338953e-07,2.468415231141544e-07,3.797287422111113e-09,1.9020878530983477e-05,0.000390625,1.9020878530983477e-05,0.32103068335909224,-0.0012083909550121286,-3.5223981490878613e-06,0.32104305220477664,-0.0011960221093277323,-3.4964818901148022e-06,0.7296296296296296,0.06444781486282088
255,0.75,0.25,0.75,0.5,2.3061751181819543e-06,8.510195580084351e-07,2.467968306759859e-07,6.042028733712832e-09,1.9068120984894274e-05,0.00078125,1.9068120984894274e-05,0.32087646117557833,-0.00121369049976372,-3.5379377938012362e-06,0.32088859220980465,-0.0012015594655374051,-3.512605240082122e-06,0.7296296296296296,0.0644180303350684
256,0.75,0.25,0.75,0.5,2.3213902913075208e-06,8.545176830106832e-07,2.467588388879378e-07,4.183887329927034e-09,1.921645769556415e-05,0.00078125,1.921645769556415e-05,0.320727384119852,-0.0012197603748155261,-3.5545822986393335e-06,0.3207392913001932,-0.001207853194474362,-3.5299447325735835e-06,0.7296296296296296,0.06438942889893351
